-- phpMyAdmin SQL Dump
-- version 5.2.1
-- https://www.phpmyadmin.net/
--
-- Host: 127.0.0.1
-- Generation Time: Nov 13, 2025 at 04:37 AM
-- Server version: 10.4.32-MariaDB
-- PHP Version: 8.2.12

SET SQL_MODE = "NO_AUTO_VALUE_ON_ZERO";
START TRANSACTION;
SET time_zone = "+00:00";


/*!40101 SET @OLD_CHARACTER_SET_CLIENT=@@CHARACTER_SET_CLIENT */;
/*!40101 SET @OLD_CHARACTER_SET_RESULTS=@@CHARACTER_SET_RESULTS */;
/*!40101 SET @OLD_COLLATION_CONNECTION=@@COLLATION_CONNECTION */;
/*!40101 SET NAMES utf8mb4 */;

--
-- Database: `db_absen_nilai`
--

-- --------------------------------------------------------

--
-- Table structure for table `activity_logs`
--

CREATE TABLE `activity_logs` (
  `log_id` int(11) NOT NULL,
  `user_id` int(11) DEFAULT NULL,
  `activity_type` varchar(100) NOT NULL,
  `details` text DEFAULT NULL,
  `ip_address` varchar(45) DEFAULT NULL,
  `created_at` timestamp NOT NULL DEFAULT current_timestamp(),
  `updated_at` timestamp NULL DEFAULT NULL
) ENGINE=InnoDB DEFAULT CHARSET=utf8mb4 COLLATE=utf8mb4_general_ci;

--
-- Dumping data for table `activity_logs`
--

INSERT INTO `activity_logs` (`log_id`, `user_id`, `activity_type`, `details`, `ip_address`, `created_at`, `updated_at`) VALUES
(1, 1, 'Login', 'User logged in successfully', '127.0.0.1', '2025-10-07 19:26:26', '2025-10-07 19:26:26'),
(2, 1, 'Login', 'User logged in successfully', '127.0.0.1', '2025-10-07 19:54:36', '2025-10-07 19:54:36'),
(3, 1, 'Login', 'User logged in successfully', '127.0.0.1', '2025-10-07 19:54:57', '2025-10-07 19:54:57'),
(4, 2, 'Login', 'User logged in successfully', '127.0.0.1', '2025-10-08 01:04:53', '2025-10-08 01:04:53'),
(5, 1, 'Login', 'User logged in successfully', '127.0.0.1', '2025-10-08 01:05:18', '2025-10-08 01:05:18'),
(6, 1, 'Login', 'User logged in successfully', '127.0.0.1', '2025-10-08 01:23:16', '2025-10-08 01:23:16'),
(7, 1, 'Login', 'User logged in successfully', '127.0.0.1', '2025-10-08 01:31:29', '2025-10-08 01:31:29'),
(8, 1, 'Login', 'User logged in successfully', '127.0.0.1', '2025-10-08 01:34:21', '2025-10-08 01:34:21'),
(9, 2, 'Login', 'User logged in successfully', '127.0.0.1', '2025-10-08 01:52:16', '2025-10-08 01:52:16'),
(10, 1, 'Login', 'User logged in successfully', '127.0.0.1', '2025-10-08 02:28:59', '2025-10-08 02:28:59'),
(11, 3, 'Login', 'User logged in successfully', '127.0.0.1', '2025-10-08 02:29:59', '2025-10-08 02:29:59'),
(12, 2, 'Login', 'User logged in successfully', '127.0.0.1', '2025-10-08 02:30:42', '2025-10-08 02:30:42'),
(13, 3, 'Login', 'User logged in successfully', '127.0.0.1', '2025-10-08 18:53:06', '2025-10-08 18:53:06'),
(14, 2, 'Login', 'User logged in successfully', '127.0.0.1', '2025-10-08 18:53:24', '2025-10-08 18:53:24'),
(15, 1, 'Login', 'User logged in successfully', '127.0.0.1', '2025-10-08 18:54:03', '2025-10-08 18:54:03'),
(16, 2, 'Login', 'User logged in successfully', '127.0.0.1', '2025-10-08 19:00:00', '2025-10-08 19:00:00'),
(17, 3, 'Login', 'User logged in successfully', '127.0.0.1', '2025-10-08 19:00:38', '2025-10-08 19:00:38'),
(18, 2, 'Login', 'User logged in successfully', '127.0.0.1', '2025-10-08 20:05:40', '2025-10-08 20:05:40'),
(19, 3, 'Login', 'User logged in successfully', '127.0.0.1', '2025-10-08 20:05:57', '2025-10-08 20:05:57'),
(20, 1, 'Login', 'User logged in successfully', '127.0.0.1', '2025-10-16 09:35:47', '2025-10-16 09:35:47'),
(21, 1, 'Logout', 'User logged out', '127.0.0.1', '2025-10-16 10:00:14', '2025-10-16 10:00:14'),
(22, 1, 'Login', 'User logged in successfully', '127.0.0.1', '2025-10-16 10:00:17', '2025-10-16 10:00:17'),
(23, 1, 'Logout', 'User logged out', '127.0.0.1', '2025-10-16 10:02:16', '2025-10-16 10:02:16'),
(24, 2, 'Login', 'User logged in successfully', '127.0.0.1', '2025-10-16 10:02:18', '2025-10-16 10:02:18'),
(25, 2, 'Logout', 'User logged out', '127.0.0.1', '2025-10-16 10:02:40', '2025-10-16 10:02:40'),
(26, 1, 'Login', 'User logged in successfully', '127.0.0.1', '2025-10-16 10:02:42', '2025-10-16 10:02:42'),
(27, 1, 'Logout', 'User logged out', '127.0.0.1', '2025-10-16 10:03:17', '2025-10-16 10:03:17'),
(28, 1, 'Login', 'User logged in successfully', '127.0.0.1', '2025-10-16 15:44:58', '2025-10-16 15:44:58'),
(29, 1, 'Logout', 'User logged out', '127.0.0.1', '2025-10-16 15:51:55', '2025-10-16 15:51:55'),
(30, 3, 'Login', 'User logged in successfully', '127.0.0.1', '2025-10-16 15:52:00', '2025-10-16 15:52:00'),
(31, 3, 'Logout', 'User logged out', '127.0.0.1', '2025-10-16 16:00:57', '2025-10-16 16:00:57'),
(32, 1, 'Login', 'User logged in successfully', '127.0.0.1', '2025-10-16 16:01:29', '2025-10-16 16:01:29'),
(33, 1, 'Login', 'User logged in successfully', '127.0.0.1', '2025-10-17 01:20:49', '2025-10-17 01:20:49'),
(34, 1, 'Logout', 'User logged out', '127.0.0.1', '2025-10-17 01:27:14', '2025-10-17 01:27:14'),
(35, 2, 'Login', 'User logged in successfully', '127.0.0.1', '2025-10-17 01:27:20', '2025-10-17 01:27:20'),
(36, 2, 'Logout', 'User logged out', '127.0.0.1', '2025-10-17 01:27:49', '2025-10-17 01:27:49'),
(37, 1, 'Login', 'User logged in successfully', '127.0.0.1', '2025-10-17 01:33:16', '2025-10-17 01:33:16'),
(38, 1, 'Logout', 'User logged out', '127.0.0.1', '2025-10-17 01:36:39', '2025-10-17 01:36:39'),
(39, 2, 'Login', 'User logged in successfully', '127.0.0.1', '2025-10-17 01:36:43', '2025-10-17 01:36:43'),
(40, 2, 'Logout', 'User logged out', '127.0.0.1', '2025-10-17 01:36:47', '2025-10-17 01:36:47'),
(41, 4, 'Login', 'User logged in successfully', '127.0.0.1', '2025-10-17 02:53:07', '2025-10-17 02:53:07'),
(42, 4, 'Logout', 'User logged out', '127.0.0.1', '2025-10-17 03:06:51', '2025-10-17 03:06:51'),
(43, 1, 'Login', 'User logged in successfully', '127.0.0.1', '2025-10-17 03:06:54', '2025-10-17 03:06:54'),
(44, 1, 'Login', 'User logged in successfully', '127.0.0.1', '2025-10-17 04:00:09', '2025-10-17 04:00:09'),
(45, 1, 'Login', 'User logged in successfully', '127.0.0.1', '2025-10-17 06:35:31', '2025-10-17 06:35:31'),
(46, 1, 'Login', 'User logged in successfully', '127.0.0.1', '2025-10-18 09:43:32', '2025-10-18 09:43:32'),
(47, 1, 'Login', 'User logged in successfully', '127.0.0.1', '2025-10-18 13:01:35', '2025-10-18 13:01:35'),
(48, 1, 'Logout', 'User logged out', '127.0.0.1', '2025-10-18 13:09:33', '2025-10-18 13:09:33'),
(49, 2, 'Login', 'User logged in successfully', '127.0.0.1', '2025-10-18 13:09:35', '2025-10-18 13:09:35'),
(50, 2, 'Logout', 'User logged out', '127.0.0.1', '2025-10-18 13:09:39', '2025-10-18 13:09:39'),
(51, 5, 'Login', 'User logged in successfully', '127.0.0.1', '2025-10-18 13:09:55', '2025-10-18 13:09:55'),
(52, 5, 'Logout', 'User logged out', '127.0.0.1', '2025-10-18 13:11:32', '2025-10-18 13:11:32'),
(53, 4, 'Login', 'User logged in successfully', '127.0.0.1', '2025-10-18 13:12:11', '2025-10-18 13:12:11'),
(54, 4, 'Logout', 'User logged out', '127.0.0.1', '2025-10-18 13:12:17', '2025-10-18 13:12:17'),
(55, 3, 'Login', 'User logged in successfully', '127.0.0.1', '2025-10-18 13:30:39', '2025-10-18 13:30:39'),
(56, 1, 'Login', 'User logged in successfully', '127.0.0.1', '2025-10-18 14:08:42', '2025-10-18 14:08:42'),
(57, 1, 'Login', 'User logged in successfully', '127.0.0.1', '2025-10-18 14:08:45', '2025-10-18 14:08:45'),
(58, 2, 'Login', 'User logged in successfully', '127.0.0.1', '2025-10-18 14:08:49', '2025-10-18 14:08:49'),
(59, 1, 'Login', 'User logged in successfully', '127.0.0.1', '2025-10-18 14:08:52', '2025-10-18 14:08:52'),
(60, 1, 'Login', 'User logged in successfully', '127.0.0.1', '2025-10-18 14:09:15', '2025-10-18 14:09:15'),
(61, 3, 'Login', 'User logged in successfully', '127.0.0.1', '2025-10-18 14:09:56', '2025-10-18 14:09:56'),
(62, 1, 'Login', 'User logged in successfully', '127.0.0.1', '2025-10-18 14:09:59', '2025-10-18 14:09:59'),
(63, 1, 'Login', 'User logged in successfully', '127.0.0.1', '2025-10-18 14:17:51', '2025-10-18 14:17:51'),
(64, 1, 'Login', 'User logged in successfully', '127.0.0.1', '2025-10-18 14:18:05', '2025-10-18 14:18:05'),
(65, 1, 'Login', 'User logged in successfully', '127.0.0.1', '2025-10-18 14:20:40', '2025-10-18 14:20:40'),
(66, 2, 'Login', 'User logged in successfully', '127.0.0.1', '2025-10-18 14:20:44', '2025-10-18 14:20:44'),
(67, 3, 'Login', 'User logged in successfully', '127.0.0.1', '2025-10-18 14:20:48', '2025-10-18 14:20:48'),
(68, 1, 'Login', 'User berhasil login', '127.0.0.1', '2025-10-18 14:24:18', '2025-10-18 14:24:18'),
(69, 1, 'Login', 'User berhasil login', '127.0.0.1', '2025-10-18 14:24:54', '2025-10-18 14:24:54'),
(70, 1, 'Login', 'User berhasil login', '127.0.0.1', '2025-10-18 14:26:16', '2025-10-18 14:26:16'),
(71, 1, 'Login', 'User berhasil login', '127.0.0.1', '2025-10-18 14:26:22', '2025-10-18 14:26:22'),
(72, 1, 'Login', 'User berhasil login', '127.0.0.1', '2025-10-18 14:30:33', '2025-10-18 14:30:33'),
(73, 1, 'Login', 'User berhasil login', '127.0.0.1', '2025-10-18 14:30:39', '2025-10-18 14:30:39'),
(74, 1, 'Login', 'User berhasil login', '127.0.0.1', '2025-10-18 14:30:53', '2025-10-18 14:30:53'),
(75, 1, 'Login', 'User berhasil login', '127.0.0.1', '2025-10-18 14:31:26', '2025-10-18 14:31:26'),
(76, 1, 'Login', 'User berhasil login', '127.0.0.1', '2025-10-18 14:37:21', '2025-10-18 14:37:21'),
(77, 1, 'Login', 'User berhasil login', '127.0.0.1', '2025-10-18 14:37:27', '2025-10-18 14:37:27'),
(78, 1, 'Login', 'User berhasil login', '127.0.0.1', '2025-10-18 14:40:30', '2025-10-18 14:40:30'),
(79, 1, 'Login', 'User logged in successfully', '127.0.0.1', '2025-10-18 14:46:20', '2025-10-18 14:46:20'),
(80, 1, 'Login', 'User logged in successfully', '127.0.0.1', '2025-10-19 17:11:30', '2025-10-19 17:11:30'),
(81, 1, 'Logout', 'User logged out', '127.0.0.1', '2025-10-19 17:27:45', '2025-10-19 17:27:45'),
(82, 1, 'Login', 'User logged in successfully', '127.0.0.1', '2025-10-19 17:30:32', '2025-10-19 17:30:32'),
(83, 1, 'Logout', 'User logged out', '127.0.0.1', '2025-10-19 18:08:59', '2025-10-19 18:08:59'),
(84, 4, 'Login', 'User logged in successfully', '127.0.0.1', '2025-10-19 18:09:13', '2025-10-19 18:09:13'),
(85, 4, 'Logout', 'User logged out', '127.0.0.1', '2025-10-19 18:21:36', '2025-10-19 18:21:36'),
(86, 1, 'Login', 'User logged in successfully', '127.0.0.1', '2025-10-19 18:21:39', '2025-10-19 18:21:39'),
(87, 1, 'Logout', 'User logged out', '127.0.0.1', '2025-10-19 18:31:21', '2025-10-19 18:31:21'),
(88, 4, 'Login', 'User logged in successfully', '127.0.0.1', '2025-10-19 18:31:57', '2025-10-19 18:31:57'),
(89, 4, 'Login', 'User logged in successfully', '127.0.0.1', '2025-10-19 18:32:16', '2025-10-19 18:32:16'),
(90, 1, 'Login', 'User logged in successfully', '127.0.0.1', '2025-10-19 18:32:20', '2025-10-19 18:32:20'),
(91, 1, 'Login', 'User logged in successfully', '127.0.0.1', '2025-10-19 18:32:39', '2025-10-19 18:32:39'),
(92, 1, 'Login', 'User logged in successfully', '127.0.0.1', '2025-10-19 18:32:48', '2025-10-19 18:32:48'),
(93, 1, 'Login', 'User logged in successfully', '127.0.0.1', '2025-10-19 18:44:35', '2025-10-19 18:44:35'),
(94, 1, 'Login', 'User logged in successfully', '127.0.0.1', '2025-10-19 18:44:40', '2025-10-19 18:44:40'),
(95, 1, 'Login', 'User logged in successfully', '127.0.0.1', '2025-10-19 18:46:17', '2025-10-19 18:46:17'),
(96, 1, 'Login', 'User logged in successfully', '127.0.0.1', '2025-10-19 18:47:36', '2025-10-19 18:47:36'),
(97, 1, 'Logout', 'User logged out', '127.0.0.1', '2025-10-19 18:47:53', '2025-10-19 18:47:53'),
(98, 4, 'Login', 'User logged in successfully', '127.0.0.1', '2025-10-19 18:48:12', '2025-10-19 18:48:12'),
(99, 1, 'Login', 'User logged in successfully', '127.0.0.1', '2025-10-19 18:49:06', '2025-10-19 18:49:06'),
(100, 4, 'Logout', 'User logged out', '127.0.0.1', '2025-10-19 19:08:35', '2025-10-19 19:08:35'),
(101, 1, 'Login', 'User logged in successfully', '127.0.0.1', '2025-10-19 19:08:38', '2025-10-19 19:08:38'),
(102, 1, 'Login', 'User logged in successfully', '127.0.0.1', '2025-10-20 00:00:18', '2025-10-20 00:00:18'),
(103, 1, 'Logout', 'User logged out', '127.0.0.1', '2025-10-20 00:14:12', '2025-10-20 00:14:12'),
(104, 4, 'Login', 'User logged in successfully', '127.0.0.1', '2025-10-20 00:14:19', '2025-10-20 00:14:19'),
(105, 4, 'Logout', 'User logged out', '127.0.0.1', '2025-10-20 00:14:32', '2025-10-20 00:14:32'),
(106, 1, 'Login', 'User logged in successfully', '127.0.0.1', '2025-10-20 00:14:34', '2025-10-20 00:14:34'),
(107, 1, 'Logout', 'User logged out', '127.0.0.1', '2025-10-20 00:14:39', '2025-10-20 00:14:39'),
(108, 4, 'Login', 'User logged in successfully', '127.0.0.1', '2025-10-20 00:14:48', '2025-10-20 00:14:48'),
(109, 4, 'Logout', 'User logged out', '127.0.0.1', '2025-10-20 00:15:28', '2025-10-20 00:15:28'),
(110, 1, 'Login', 'User logged in successfully', '127.0.0.1', '2025-10-20 00:15:31', '2025-10-20 00:15:31'),
(111, 1, 'Logout', 'User logged out', '127.0.0.1', '2025-10-20 00:30:20', '2025-10-20 00:30:20'),
(112, 4, 'Login', 'User logged in successfully', '127.0.0.1', '2025-10-20 00:30:27', '2025-10-20 00:30:27'),
(113, 4, 'Logout', 'User logged out', '127.0.0.1', '2025-10-20 01:46:33', '2025-10-20 01:46:33'),
(114, 1, 'Login', 'User logged in successfully', '127.0.0.1', '2025-10-20 01:46:37', '2025-10-20 01:46:37'),
(115, 1, 'Logout', 'User logged out', '127.0.0.1', '2025-10-20 02:00:03', '2025-10-20 02:00:03'),
(116, 1, 'Login', 'User logged in successfully', '127.0.0.1', '2025-10-20 02:00:17', '2025-10-20 02:00:17'),
(117, 1, 'Logout', 'User logged out', '127.0.0.1', '2025-10-20 02:00:21', '2025-10-20 02:00:21'),
(118, 1, 'Login', 'User logged in successfully', '127.0.0.1', '2025-10-20 02:01:15', '2025-10-20 02:01:15'),
(119, 1, 'Logout', 'User logged out', '127.0.0.1', '2025-10-20 02:01:20', '2025-10-20 02:01:20'),
(120, 2, 'Login', 'User logged in successfully', '127.0.0.1', '2025-10-20 02:01:42', '2025-10-20 02:01:42'),
(121, 2, 'Logout', 'User logged out', '127.0.0.1', '2025-10-20 02:01:47', '2025-10-20 02:01:47'),
(122, 2, 'Login', 'User logged in successfully', '127.0.0.1', '2025-10-20 02:04:36', '2025-10-20 02:04:36'),
(123, 2, 'Logout', 'User logged out', '127.0.0.1', '2025-10-20 02:04:38', '2025-10-20 02:04:38'),
(124, 3, 'Login', 'User logged in successfully', '127.0.0.1', '2025-10-20 02:04:41', '2025-10-20 02:04:41'),
(125, 3, 'Logout', 'User logged out', '127.0.0.1', '2025-10-20 02:04:57', '2025-10-20 02:04:57'),
(126, 1, 'Login', 'User logged in successfully', '127.0.0.1', '2025-10-20 02:05:02', '2025-10-20 02:05:02'),
(127, 1, 'Logout', 'User logged out', '127.0.0.1', '2025-10-20 02:45:01', '2025-10-20 02:45:01'),
(128, 4, 'Login', 'User logged in successfully', '127.0.0.1', '2025-10-20 02:45:07', '2025-10-20 02:45:07'),
(129, 4, 'Logout', 'User logged out', '127.0.0.1', '2025-10-20 02:45:28', '2025-10-20 02:45:28'),
(130, 4, 'Login', 'User logged in successfully', '127.0.0.1', '2025-10-20 02:45:45', '2025-10-20 02:45:45'),
(131, 4, 'Logout', 'User logged out', '127.0.0.1', '2025-10-20 02:53:29', '2025-10-20 02:53:29'),
(132, 1, 'Login', 'User logged in successfully', '127.0.0.1', '2025-10-20 02:53:31', '2025-10-20 02:53:31'),
(133, 1, 'Logout', 'User logged out', '127.0.0.1', '2025-10-20 02:56:19', '2025-10-20 02:56:19'),
(134, 4, 'Login', 'User logged in successfully', '127.0.0.1', '2025-10-20 02:56:25', '2025-10-20 02:56:25'),
(135, 4, 'Logout', 'User logged out', '127.0.0.1', '2025-10-20 02:59:40', '2025-10-20 02:59:40'),
(136, 1, 'Login', 'User logged in successfully', '127.0.0.1', '2025-10-20 02:59:43', '2025-10-20 02:59:43'),
(137, 1, 'Logout', 'User logged out', '127.0.0.1', '2025-10-20 03:00:08', '2025-10-20 03:00:08'),
(138, 4, 'Login', 'User logged in successfully', '127.0.0.1', '2025-10-20 03:00:14', '2025-10-20 03:00:14'),
(139, 4, 'Logout', 'User logged out', '127.0.0.1', '2025-10-20 03:01:30', '2025-10-20 03:01:30'),
(140, 1, 'Login', 'User logged in successfully', '127.0.0.1', '2025-10-20 03:01:33', '2025-10-20 03:01:33'),
(141, 1, 'Logout', 'User logged out', '127.0.0.1', '2025-10-20 03:05:06', '2025-10-20 03:05:06'),
(142, 4, 'Login', 'User logged in successfully', '127.0.0.1', '2025-10-20 03:05:40', '2025-10-20 03:05:40'),
(143, 4, 'Login', 'User logged in successfully', '127.0.0.1', '2025-10-20 05:11:28', '2025-10-20 05:11:28'),
(144, 4, 'Logout', 'User logged out', '127.0.0.1', '2025-10-20 08:45:26', '2025-10-20 08:45:26'),
(145, 2, 'Login', 'User logged in successfully', '127.0.0.1', '2025-10-20 08:45:31', '2025-10-20 08:45:31'),
(146, 2, 'Logout', 'User logged out', '127.0.0.1', '2025-10-20 08:46:08', '2025-10-20 08:46:08'),
(147, 1, 'Login', 'User logged in successfully', '127.0.0.1', '2025-10-20 08:46:12', '2025-10-20 08:46:12'),
(148, 1, 'Logout', 'User logged out', '127.0.0.1', '2025-10-20 08:46:38', '2025-10-20 08:46:38'),
(149, 2, 'Login', 'User logged in successfully', '127.0.0.1', '2025-10-20 08:46:41', '2025-10-20 08:46:41'),
(150, 2, 'Logout', 'User logged out', '127.0.0.1', '2025-10-20 08:46:53', '2025-10-20 08:46:53'),
(151, 3, 'Login', 'User logged in successfully', '127.0.0.1', '2025-10-20 08:46:57', '2025-10-20 08:46:57'),
(152, 3, 'Login', 'User logged in successfully', '127.0.0.1', '2025-10-20 09:00:09', '2025-10-20 09:00:09'),
(153, 3, 'Logout', 'User logged out', '127.0.0.1', '2025-10-20 09:02:12', '2025-10-20 09:02:12'),
(154, 3, 'Login', 'User logged in successfully', '127.0.0.1', '2025-10-20 09:02:15', '2025-10-20 09:02:15'),
(155, 3, 'Logout', 'User logged out', '127.0.0.1', '2025-10-20 09:02:53', '2025-10-20 09:02:53'),
(156, 3, 'Login', 'User logged in successfully', '127.0.0.1', '2025-10-20 09:02:57', '2025-10-20 09:02:57'),
(157, 3, 'Logout', 'User logged out', '127.0.0.1', '2025-10-20 11:24:39', '2025-10-20 11:24:39'),
(158, 3, 'Login', 'User logged in successfully', '127.0.0.1', '2025-10-20 11:24:47', '2025-10-20 11:24:47'),
(159, 4, 'Login', 'User logged in successfully', '127.0.0.1', '2025-10-22 08:27:17', '2025-10-22 08:27:17'),
(160, 4, 'Logout', 'User logged out', '127.0.0.1', '2025-10-22 08:30:11', '2025-10-22 08:30:11'),
(161, 3, 'Login', 'User logged in successfully', '127.0.0.1', '2025-10-22 08:30:14', '2025-10-22 08:30:14'),
(162, 3, 'Logout', 'User logged out', '127.0.0.1', '2025-10-22 08:30:29', '2025-10-22 08:30:29'),
(163, 2, 'Login', 'User logged in successfully', '127.0.0.1', '2025-10-22 08:30:32', '2025-10-22 08:30:32'),
(164, 2, 'Logout', 'User logged out', '127.0.0.1', '2025-10-22 08:36:52', '2025-10-22 08:36:52'),
(165, 3, 'Login', 'User logged in successfully', '127.0.0.1', '2025-10-22 08:37:07', '2025-10-22 08:37:07'),
(166, 3, 'Logout', 'User logged out', '127.0.0.1', '2025-10-22 12:15:29', '2025-10-22 12:15:29'),
(167, 8, 'Login', 'User logged in successfully', '127.0.0.1', '2025-10-22 12:15:39', '2025-10-22 12:15:39'),
(168, 1, 'Login', 'User logged in successfully', '127.0.0.1', '2025-10-22 12:16:04', '2025-10-22 12:16:04'),
(169, 1, 'Login', 'User logged in successfully', '127.0.0.1', '2025-10-22 12:16:26', '2025-10-22 12:16:26'),
(170, 1, 'Login', 'User logged in successfully', '127.0.0.1', '2025-10-22 12:29:53', '2025-10-22 12:29:53'),
(171, 3, 'Login', 'User logged in successfully', '127.0.0.1', '2025-10-22 12:33:44', '2025-10-22 12:33:44'),
(172, 1, 'Login', 'User logged in successfully', '127.0.0.1', '2025-10-22 12:36:40', '2025-10-22 12:36:40'),
(173, 3, 'Login', 'User logged in successfully', '127.0.0.1', '2025-10-22 12:38:04', '2025-10-22 12:38:04'),
(174, 1, 'Login', 'User logged in successfully', '127.0.0.1', '2025-10-22 12:38:14', '2025-10-22 12:38:14'),
(175, 1, 'Login', 'User logged in successfully', '127.0.0.1', '2025-10-22 15:43:38', '2025-10-22 15:43:38'),
(176, 1, 'Login', 'User logged in successfully', '127.0.0.1', '2025-10-22 15:50:27', '2025-10-22 15:50:27'),
(177, 1, 'Login', 'User logged in successfully', '127.0.0.1', '2025-10-22 16:42:02', '2025-10-22 16:42:02'),
(178, 1, 'Login', 'User logged in successfully', '127.0.0.1', '2025-10-22 16:42:10', '2025-10-22 16:42:10'),
(179, 1, 'Logout', 'User logged out', '127.0.0.1', '2025-10-22 16:42:35', '2025-10-22 16:42:35'),
(180, 3, 'Login', 'User logged in successfully', '127.0.0.1', '2025-10-22 16:42:40', '2025-10-22 16:42:40'),
(181, 3, 'Login', 'User logged in successfully', '127.0.0.1', '2025-10-22 16:42:45', '2025-10-22 16:42:45'),
(182, 3, 'Logout', 'User logged out', '127.0.0.1', '2025-10-22 16:42:56', '2025-10-22 16:42:56'),
(183, 8, 'Login', 'User logged in successfully', '127.0.0.1', '2025-10-22 16:43:18', '2025-10-22 16:43:18'),
(184, 8, 'Login', 'User logged in successfully', '127.0.0.1', '2025-10-22 16:43:30', '2025-10-22 16:43:30'),
(185, 8, 'Logout', 'User logged out', '127.0.0.1', '2025-10-22 16:43:50', '2025-10-22 16:43:50'),
(186, 3, 'Login', 'User logged in successfully', '127.0.0.1', '2025-10-22 16:43:55', '2025-10-22 16:43:55'),
(187, 3, 'Login', 'User logged in successfully', '127.0.0.1', '2025-10-22 16:44:00', '2025-10-22 16:44:00'),
(188, 3, 'Logout', 'User logged out', '127.0.0.1', '2025-10-22 16:44:37', '2025-10-22 16:44:37'),
(189, 1, 'Login', 'User logged in successfully', '127.0.0.1', '2025-10-22 16:44:46', '2025-10-22 16:44:46'),
(190, 1, 'Logout', 'User logged out', '127.0.0.1', '2025-10-22 16:53:36', '2025-10-22 16:53:36'),
(191, 1, 'Login', 'User logged in successfully', '127.0.0.1', '2025-10-22 16:53:39', '2025-10-22 16:53:39'),
(192, 1, 'Logout', 'User logged out', '127.0.0.1', '2025-10-22 16:55:37', '2025-10-22 16:55:37'),
(193, 2, 'Login', 'User logged in successfully', '127.0.0.1', '2025-10-22 16:55:41', '2025-10-22 16:55:41'),
(194, 2, 'Logout', 'User logged out', '127.0.0.1', '2025-10-22 16:56:03', '2025-10-22 16:56:03'),
(195, 4, 'Login', 'User logged in successfully', '127.0.0.1', '2025-10-22 16:56:32', '2025-10-22 16:56:32'),
(196, 4, 'Logout', 'User logged out', '127.0.0.1', '2025-10-22 16:58:05', '2025-10-22 16:58:05'),
(197, 1, 'Login', 'User logged in successfully', '127.0.0.1', '2025-10-22 16:58:08', '2025-10-22 16:58:08'),
(198, 1, 'Login', 'User logged in successfully', '127.0.0.1', '2025-10-22 16:58:15', '2025-10-22 16:58:15'),
(199, 1, 'Logout', 'User logged out', '127.0.0.1', '2025-10-22 16:58:35', '2025-10-22 16:58:35'),
(200, 1, 'Login', 'User logged in successfully', '127.0.0.1', '2025-10-22 17:06:51', '2025-10-22 17:06:51'),
(201, 1, 'Logout', 'User logged out', '127.0.0.1', '2025-10-22 17:06:58', '2025-10-22 17:06:58'),
(202, 2, 'Login', 'User logged in successfully', '127.0.0.1', '2025-10-22 17:07:02', '2025-10-22 17:07:02'),
(203, 2, 'Logout', 'User logged out', '127.0.0.1', '2025-10-22 17:30:17', '2025-10-22 17:30:17'),
(204, 3, 'Login', 'User logged in successfully', '127.0.0.1', '2025-10-22 17:30:22', '2025-10-22 17:30:22'),
(205, 3, 'Logout', 'User logged out', '127.0.0.1', '2025-10-22 17:30:36', '2025-10-22 17:30:36'),
(206, 8, 'Login', 'User logged in successfully', '127.0.0.1', '2025-10-22 17:30:47', '2025-10-22 17:30:47'),
(207, 8, 'Logout', 'User logged out', '127.0.0.1', '2025-10-22 17:30:54', '2025-10-22 17:30:54'),
(208, 6, 'Login', 'User logged in successfully', '127.0.0.1', '2025-10-22 17:31:45', '2025-10-22 17:31:45'),
(209, 6, 'Logout', 'User logged out', '127.0.0.1', '2025-10-22 17:32:15', '2025-10-22 17:32:15'),
(210, 3, 'Login', 'User logged in successfully', '127.0.0.1', '2025-10-22 17:32:24', '2025-10-22 17:32:24'),
(211, 3, 'Logout', 'User logged out', '127.0.0.1', '2025-10-23 01:46:51', '2025-10-23 01:46:51'),
(212, 9, 'Login', 'User logged in successfully', '127.0.0.1', '2025-10-23 01:47:04', '2025-10-23 01:47:04'),
(213, 9, 'Logout', 'User logged out', '127.0.0.1', '2025-10-23 01:47:36', '2025-10-23 01:47:36'),
(214, 3, 'Login', 'User logged in successfully', '127.0.0.1', '2025-10-23 01:47:39', '2025-10-23 01:47:39'),
(215, 3, 'Logout', 'User logged out', '127.0.0.1', '2025-10-23 01:48:48', '2025-10-23 01:48:48'),
(216, 9, 'Login', 'User logged in successfully', '127.0.0.1', '2025-10-23 01:48:58', '2025-10-23 01:48:58'),
(217, 9, 'Logout', 'User logged out', '127.0.0.1', '2025-10-23 01:49:03', '2025-10-23 01:49:03'),
(218, 2, 'Login', 'User logged in successfully', '127.0.0.1', '2025-10-23 01:49:07', '2025-10-23 01:49:07'),
(219, 2, 'Logout', 'User logged out', '127.0.0.1', '2025-10-23 01:49:20', '2025-10-23 01:49:20'),
(220, 3, 'Login', 'User logged in successfully', '127.0.0.1', '2025-10-23 01:49:32', '2025-10-23 01:49:32'),
(221, 3, 'Logout', 'User logged out', '127.0.0.1', '2025-10-23 02:18:05', '2025-10-23 02:18:05'),
(222, 3, 'Login', 'User logged in successfully', '127.0.0.1', '2025-10-23 02:18:11', '2025-10-23 02:18:11'),
(223, 3, 'Logout', 'User logged out', '127.0.0.1', '2025-10-23 02:18:43', '2025-10-23 02:18:43'),
(224, 9, 'Login', 'User logged in successfully', '127.0.0.1', '2025-10-23 02:18:50', '2025-10-23 02:18:50'),
(225, 9, 'Logout', 'User logged out', '127.0.0.1', '2025-10-23 02:18:57', '2025-10-23 02:18:57'),
(226, 2, 'Login', 'User logged in successfully', '127.0.0.1', '2025-10-23 02:19:00', '2025-10-23 02:19:00'),
(227, 2, 'Logout', 'User logged out', '127.0.0.1', '2025-10-23 02:19:10', '2025-10-23 02:19:10'),
(228, 3, 'Login', 'User logged in successfully', '127.0.0.1', '2025-10-23 02:19:13', '2025-10-23 02:19:13'),
(229, 1, 'Login', 'User logged in successfully', '127.0.0.1', '2025-10-29 02:29:06', '2025-10-29 02:29:06'),
(230, 1, 'Logout', 'User logged out', '127.0.0.1', '2025-10-29 02:53:54', '2025-10-29 02:53:54'),
(231, 4, 'Login', 'User logged in successfully', '127.0.0.1', '2025-10-29 02:54:17', '2025-10-29 02:54:17'),
(232, 1, 'Login', 'User logged in successfully', '127.0.0.1', '2025-10-30 03:00:07', '2025-10-30 03:00:07'),
(233, 1, 'Logout', 'User logged out', '127.0.0.1', '2025-10-30 03:00:57', '2025-10-30 03:00:57'),
(234, 4, 'Login', 'User logged in successfully', '127.0.0.1', '2025-10-30 03:01:24', '2025-10-30 03:01:24'),
(235, 4, 'Logout', 'User logged out', '127.0.0.1', '2025-10-30 03:54:15', '2025-10-30 03:54:15'),
(236, 4, 'Login', 'User logged in successfully', '127.0.0.1', '2025-10-30 03:54:28', '2025-10-30 03:54:28'),
(237, 4, 'Logout', 'User logged out', '127.0.0.1', '2025-10-30 04:13:57', '2025-10-30 04:13:57'),
(238, 2, 'Login', 'User logged in successfully', '127.0.0.1', '2025-10-30 04:14:01', '2025-10-30 04:14:01'),
(239, 2, 'Logout', 'User logged out', '127.0.0.1', '2025-10-31 03:21:36', '2025-10-31 03:21:36'),
(240, 4, 'Login', 'User logged in successfully', '127.0.0.1', '2025-10-31 03:21:46', '2025-10-31 03:21:46'),
(241, 1, 'Login', 'User logged in successfully', '127.0.0.1', '2025-11-04 01:43:14', '2025-11-04 01:43:14'),
(242, 1, 'Logout', 'User logged out', '127.0.0.1', '2025-11-04 01:43:35', '2025-11-04 01:43:35'),
(243, 1, 'Login', 'User logged in successfully', '127.0.0.1', '2025-11-04 01:43:37', '2025-11-04 01:43:37'),
(244, 1, 'Logout', 'User logged out', '127.0.0.1', '2025-11-04 01:43:47', '2025-11-04 01:43:47'),
(245, 4, 'Login', 'User logged in successfully', '127.0.0.1', '2025-11-04 01:43:54', '2025-11-04 01:43:54'),
(246, 4, 'Logout', 'User logged out', '127.0.0.1', '2025-11-04 01:48:34', '2025-11-04 01:48:34'),
(247, 2, 'Login', 'User logged in successfully', '127.0.0.1', '2025-11-04 01:48:38', '2025-11-04 01:48:38'),
(248, 2, 'Logout', 'User logged out', '127.0.0.1', '2025-11-04 01:49:50', '2025-11-04 01:49:50'),
(249, 4, 'Login', 'User logged in successfully', '127.0.0.1', '2025-11-04 01:49:56', '2025-11-04 01:49:56'),
(250, 4, 'Logout', 'User logged out', '127.0.0.1', '2025-11-04 02:37:20', '2025-11-04 02:37:20'),
(251, 1, 'Login', 'User logged in successfully', '127.0.0.1', '2025-11-04 02:37:24', '2025-11-04 02:37:24'),
(252, 1, 'Logout', 'User logged out', '127.0.0.1', '2025-11-04 04:01:32', '2025-11-04 04:01:32'),
(253, 4, 'Login', 'User logged in successfully', '127.0.0.1', '2025-11-04 04:01:41', '2025-11-04 04:01:41'),
(254, 4, 'Logout', 'User logged out', '127.0.0.1', '2025-11-04 04:05:01', '2025-11-04 04:05:01'),
(255, 1, 'Login', 'User logged in successfully', '127.0.0.1', '2025-11-04 04:05:04', '2025-11-04 04:05:04'),
(256, 1, 'Logout', 'User logged out', '127.0.0.1', '2025-11-04 04:05:23', '2025-11-04 04:05:23'),
(257, 4, 'Login', 'User logged in successfully', '127.0.0.1', '2025-11-04 04:05:33', '2025-11-04 04:05:33'),
(258, 4, 'Logout', 'User logged out', '127.0.0.1', '2025-11-04 04:56:21', '2025-11-04 04:56:21'),
(259, 1, 'Login', 'User logged in successfully', '127.0.0.1', '2025-11-04 04:56:23', '2025-11-04 04:56:23'),
(260, 1, 'Logout', 'User logged out', '127.0.0.1', '2025-11-04 04:56:30', '2025-11-04 04:56:30'),
(261, 4, 'Login', 'User logged in successfully', '127.0.0.1', '2025-11-04 04:56:52', '2025-11-04 04:56:52'),
(262, 4, 'Logout', 'User logged out', '127.0.0.1', '2025-11-04 06:57:53', '2025-11-04 06:57:53'),
(263, 2, 'Login', 'User logged in successfully', '127.0.0.1', '2025-11-04 06:58:09', '2025-11-04 06:58:09'),
(264, 2, 'Logout', 'User logged out', '127.0.0.1', '2025-11-04 06:59:01', '2025-11-04 06:59:01'),
(265, 3, 'Login', 'User logged in successfully', '127.0.0.1', '2025-11-04 06:59:03', '2025-11-04 06:59:03'),
(266, 3, 'Logout', 'User logged out', '127.0.0.1', '2025-11-04 06:59:07', '2025-11-04 06:59:07'),
(267, 2, 'Login', 'User logged in successfully', '127.0.0.1', '2025-11-04 06:59:09', '2025-11-04 06:59:09'),
(268, 2, 'Logout', 'User logged out', '127.0.0.1', '2025-11-04 07:47:00', '2025-11-04 07:47:00'),
(269, 3, 'Login', 'User logged in successfully', '127.0.0.1', '2025-11-04 07:47:04', '2025-11-04 07:47:04'),
(270, 3, 'Logout', 'User logged out', '127.0.0.1', '2025-11-04 07:54:42', '2025-11-04 07:54:42'),
(271, 2, 'Login', 'User logged in successfully', '127.0.0.1', '2025-11-04 07:54:47', '2025-11-04 07:54:47'),
(272, 2, 'Logout', 'User logged out', '127.0.0.1', '2025-11-04 08:07:22', '2025-11-04 08:07:22'),
(273, 3, 'Login', 'User logged in successfully', '127.0.0.1', '2025-11-04 08:07:29', '2025-11-04 08:07:29'),
(274, 3, 'Logout', 'User logged out', '127.0.0.1', '2025-11-04 08:12:23', '2025-11-04 08:12:23'),
(275, 1, 'Login', 'User logged in successfully', '127.0.0.1', '2025-11-04 08:12:25', '2025-11-04 08:12:25'),
(276, 1, 'Logout', 'User logged out', '127.0.0.1', '2025-11-04 08:13:02', '2025-11-04 08:13:02'),
(277, 2, 'Login', 'User logged in successfully', '127.0.0.1', '2025-11-04 08:13:06', '2025-11-04 08:13:06'),
(278, 2, 'Logout', 'User logged out', '127.0.0.1', '2025-11-04 08:52:03', '2025-11-04 08:52:03'),
(279, 2, 'Login', 'User logged in successfully', '127.0.0.1', '2025-11-04 08:52:06', '2025-11-04 08:52:06'),
(280, 2, 'Logout', 'User logged out', '127.0.0.1', '2025-11-04 09:56:32', '2025-11-04 09:56:32'),
(281, 5, 'Login', 'User logged in successfully', '127.0.0.1', '2025-11-04 09:56:50', '2025-11-04 09:56:50'),
(282, 5, 'Logout', 'User logged out', '127.0.0.1', '2025-11-04 09:57:05', '2025-11-04 09:57:05'),
(283, 6, 'Login', 'User logged in successfully', '127.0.0.1', '2025-11-04 09:57:35', '2025-11-04 09:57:35'),
(284, 6, 'Logout', 'User logged out', '127.0.0.1', '2025-11-04 09:58:31', '2025-11-04 09:58:31'),
(285, 2, 'Login', 'User logged in successfully', '127.0.0.1', '2025-11-04 09:58:35', '2025-11-04 09:58:35'),
(286, 2, 'Logout', 'User logged out', '127.0.0.1', '2025-11-04 10:03:46', '2025-11-04 10:03:46'),
(287, 3, 'Login', 'User logged in successfully', '127.0.0.1', '2025-11-04 10:03:49', '2025-11-04 10:03:49'),
(288, 3, 'Logout', 'User logged out', '127.0.0.1', '2025-11-04 10:04:25', '2025-11-04 10:04:25'),
(289, 1, 'Login', 'User logged in successfully', '127.0.0.1', '2025-11-04 10:04:30', '2025-11-04 10:04:30'),
(290, 1, 'Logout', 'User logged out', '127.0.0.1', '2025-11-05 01:30:01', '2025-11-05 01:30:01'),
(291, 4, 'Login', 'User logged in successfully', '127.0.0.1', '2025-11-05 01:30:10', '2025-11-05 01:30:10'),
(292, 4, 'Logout', 'User logged out', '127.0.0.1', '2025-11-05 03:24:07', '2025-11-05 03:24:07'),
(293, 1, 'Login', 'User logged in successfully', '127.0.0.1', '2025-11-05 03:24:11', '2025-11-05 03:24:11'),
(294, 1, 'Logout', 'User logged out', '127.0.0.1', '2025-11-05 03:26:33', '2025-11-05 03:26:33'),
(295, 8, 'Login', 'User logged in successfully', '127.0.0.1', '2025-11-05 03:26:47', '2025-11-05 03:26:47'),
(296, 8, 'Logout', 'User logged out', '127.0.0.1', '2025-11-05 03:54:58', '2025-11-05 03:54:58'),
(297, 9, 'Login', 'User logged in successfully', '127.0.0.1', '2025-11-05 03:55:14', '2025-11-05 03:55:14'),
(298, 9, 'Logout', 'User logged out', '127.0.0.1', '2025-11-05 04:21:39', '2025-11-05 04:21:39'),
(299, 2, 'Login', 'User logged in successfully', '127.0.0.1', '2025-11-05 04:21:43', '2025-11-05 04:21:43'),
(300, 2, 'Logout', 'User logged out', '127.0.0.1', '2025-11-05 04:33:37', '2025-11-05 04:33:37'),
(301, 2, 'Login', 'User logged in successfully', '127.0.0.1', '2025-11-05 04:33:42', '2025-11-05 04:33:42'),
(302, 2, 'Logout', 'User logged out', '127.0.0.1', '2025-11-05 04:33:44', '2025-11-05 04:33:44'),
(303, 2, 'Login', 'User logged in successfully', '127.0.0.1', '2025-11-05 04:33:53', '2025-11-05 04:33:53'),
(304, 4, 'Login', 'User logged in successfully', '127.0.0.1', '2025-11-05 07:55:44', '2025-11-05 07:55:44'),
(305, 4, 'Logout', 'User logged out', '127.0.0.1', '2025-11-05 07:56:02', '2025-11-05 07:56:02'),
(306, 2, 'Login', 'User logged in successfully', '127.0.0.1', '2025-11-05 07:56:50', '2025-11-05 07:56:50'),
(307, 2, 'Login', 'User logged in successfully', '127.0.0.1', '2025-11-06 08:14:34', '2025-11-06 08:14:34'),
(308, 2, 'Logout', 'User logged out', '127.0.0.1', '2025-11-07 04:57:44', '2025-11-07 04:57:44'),
(309, 1, 'Login', 'User logged in successfully', '127.0.0.1', '2025-11-07 04:57:48', '2025-11-07 04:57:48'),
(310, 1, 'Login', 'User logged in successfully', '127.0.0.1', '2025-11-10 01:45:41', '2025-11-10 01:45:41'),
(311, 1, 'Logout', 'User logged out', '127.0.0.1', '2025-11-10 02:21:23', '2025-11-10 02:21:23'),
(312, 4, 'Login', 'User logged in successfully', '127.0.0.1', '2025-11-10 02:21:29', '2025-11-10 02:21:29'),
(313, 1, 'Login', 'User logged in successfully', '127.0.0.1', '2025-11-10 03:25:40', '2025-11-10 03:25:40'),
(314, 1, 'Logout', 'User logged out', '127.0.0.1', '2025-11-10 03:26:29', '2025-11-10 03:26:29'),
(315, 4, 'Login', 'User logged in successfully', '127.0.0.1', '2025-11-10 03:26:36', '2025-11-10 03:26:36'),
(316, 4, 'Logout', 'User logged out', '127.0.0.1', '2025-11-10 03:26:48', '2025-11-10 03:26:48'),
(317, 1, 'Login', 'User logged in successfully', '127.0.0.1', '2025-11-10 03:26:50', '2025-11-10 03:26:50'),
(318, 1, 'Logout', 'User logged out', '127.0.0.1', '2025-11-10 03:29:11', '2025-11-10 03:29:11'),
(319, 3, 'Login', 'User logged in successfully', '127.0.0.1', '2025-11-10 03:29:13', '2025-11-10 03:29:13'),
(320, 3, 'Logout', 'User logged out', '127.0.0.1', '2025-11-10 04:18:38', '2025-11-10 04:18:38'),
(321, 3, 'Login', 'User logged in successfully', '127.0.0.1', '2025-11-10 04:21:04', '2025-11-10 04:21:04'),
(322, 3, 'Logout', 'User logged out', '127.0.0.1', '2025-11-10 04:23:48', '2025-11-10 04:23:48'),
(323, 2, 'Login', 'User logged in successfully', '127.0.0.1', '2025-11-10 04:23:51', '2025-11-10 04:23:51'),
(324, 2, 'Logout', 'User logged out', '127.0.0.1', '2025-11-10 04:25:27', '2025-11-10 04:25:27'),
(325, 9, 'Login', 'User logged in successfully', '127.0.0.1', '2025-11-10 04:25:41', '2025-11-10 04:25:41'),
(326, 9, 'Logout', 'User logged out', '127.0.0.1', '2025-11-10 04:25:49', '2025-11-10 04:25:49'),
(327, 2, 'Login', 'User logged in successfully', '127.0.0.1', '2025-11-10 04:26:49', '2025-11-10 04:26:49'),
(328, 2, 'Logout', 'User logged out', '127.0.0.1', '2025-11-10 04:32:41', '2025-11-10 04:32:41'),
(329, 3, 'Login', 'User logged in successfully', '127.0.0.1', '2025-11-10 04:32:44', '2025-11-10 04:32:44'),
(330, 3, 'Logout', 'User logged out', '127.0.0.1', '2025-11-10 07:35:07', '2025-11-10 07:35:07'),
(331, 2, 'Login', 'User logged in successfully', '127.0.0.1', '2025-11-10 07:35:10', '2025-11-10 07:35:10'),
(332, 2, 'Logout', 'User logged out', '127.0.0.1', '2025-11-10 07:41:12', '2025-11-10 07:41:12'),
(333, 1, 'Login', 'User logged in successfully', '127.0.0.1', '2025-11-10 07:41:14', '2025-11-10 07:41:14'),
(334, 1, 'Logout', 'User logged out', '127.0.0.1', '2025-11-10 07:41:21', '2025-11-10 07:41:21'),
(335, 4, 'Login', 'User logged in successfully', '127.0.0.1', '2025-11-10 07:41:27', '2025-11-10 07:41:27'),
(336, 4, 'Logout', 'User logged out', '127.0.0.1', '2025-11-10 08:21:31', '2025-11-10 08:21:31'),
(337, 2, 'Login', 'User logged in successfully', '127.0.0.1', '2025-11-10 08:21:34', '2025-11-10 08:21:34'),
(338, 2, 'Logout', 'User logged out', '127.0.0.1', '2025-11-11 01:34:26', '2025-11-11 01:34:26'),
(339, 4, 'Login', 'User logged in successfully', '127.0.0.1', '2025-11-11 01:34:35', '2025-11-11 01:34:35'),
(340, 4, 'Logout', 'User logged out', '127.0.0.1', '2025-11-11 02:23:35', '2025-11-11 02:23:35'),
(341, 3, 'Login', 'User logged in successfully', '127.0.0.1', '2025-11-11 02:23:40', '2025-11-11 02:23:40'),
(342, 3, 'Logout', 'User logged out', '127.0.0.1', '2025-11-11 02:24:04', '2025-11-11 02:24:04'),
(343, 2, 'Login', 'User logged in successfully', '127.0.0.1', '2025-11-11 02:24:07', '2025-11-11 02:24:07'),
(344, 2, 'Logout', 'User logged out', '127.0.0.1', '2025-11-11 02:24:31', '2025-11-11 02:24:31'),
(345, 1, 'Login', 'User logged in successfully', '127.0.0.1', '2025-11-11 02:24:34', '2025-11-11 02:24:34'),
(346, 1, 'Logout', 'User logged out', '127.0.0.1', '2025-11-11 02:24:53', '2025-11-11 02:24:53'),
(347, 4, 'Login', 'User logged in successfully', '127.0.0.1', '2025-11-11 02:25:01', '2025-11-11 02:25:01'),
(348, 4, 'Logout', 'User logged out', '127.0.0.1', '2025-11-11 03:40:40', '2025-11-11 03:40:40'),
(349, 2, 'Login', 'User logged in successfully', '127.0.0.1', '2025-11-11 03:40:43', '2025-11-11 03:40:43'),
(350, 2, 'Logout', 'User logged out', '127.0.0.1', '2025-11-11 04:23:27', '2025-11-11 04:23:27'),
(351, 4, 'Login', 'User logged in successfully', '127.0.0.1', '2025-11-11 04:23:43', '2025-11-11 04:23:43'),
(352, 4, 'Logout', 'User logged out', '127.0.0.1', '2025-11-11 04:24:00', '2025-11-11 04:24:00'),
(353, 2, 'Login', 'User logged in successfully', '127.0.0.1', '2025-11-11 04:24:06', '2025-11-11 04:24:06'),
(354, 2, 'Logout', 'User logged out', '127.0.0.1', '2025-11-11 04:24:53', '2025-11-11 04:24:53'),
(355, 4, 'Login', 'User logged in successfully', '127.0.0.1', '2025-11-11 04:24:59', '2025-11-11 04:24:59'),
(356, 4, 'Logout', 'User logged out', '127.0.0.1', '2025-11-11 07:14:36', '2025-11-11 07:14:36'),
(357, 2, 'Login', 'User logged in successfully', '127.0.0.1', '2025-11-11 07:14:40', '2025-11-11 07:14:40'),
(358, 2, 'Logout', 'User logged out', '127.0.0.1', '2025-11-11 07:56:59', '2025-11-11 07:56:59'),
(359, 3, 'Login', 'User logged in successfully', '127.0.0.1', '2025-11-11 07:57:02', '2025-11-11 07:57:02'),
(360, 3, 'Logout', 'User logged out', '127.0.0.1', '2025-11-11 08:37:08', '2025-11-11 08:37:08'),
(361, 2, 'Login', 'User logged in successfully', '127.0.0.1', '2025-11-11 08:37:11', '2025-11-11 08:37:11'),
(362, 2, 'Logout', 'User logged out', '127.0.0.1', '2025-11-11 08:37:18', '2025-11-11 08:37:18'),
(363, 1, 'Login', 'User logged in successfully', '127.0.0.1', '2025-11-11 08:37:21', '2025-11-11 08:37:21'),
(364, 1, 'Logout', 'User logged out', '127.0.0.1', '2025-11-11 08:37:39', '2025-11-11 08:37:39'),
(365, 4, 'Login', 'User logged in successfully', '127.0.0.1', '2025-11-11 08:37:47', '2025-11-11 08:37:47'),
(366, 4, 'Logout', 'User logged out', '127.0.0.1', '2025-11-12 01:39:08', '2025-11-12 01:39:08'),
(367, 3, 'Login', 'User logged in successfully', '127.0.0.1', '2025-11-12 01:39:11', '2025-11-12 01:39:11'),
(368, 3, 'Logout', 'User logged out', '127.0.0.1', '2025-11-12 01:46:31', '2025-11-12 01:46:31'),
(369, 4, 'Login', 'User logged in successfully', '127.0.0.1', '2025-11-12 01:46:44', '2025-11-12 01:46:44'),
(370, 4, 'Logout', 'User logged out', '127.0.0.1', '2025-11-12 02:30:14', '2025-11-12 02:30:14'),
(371, 1, 'Login', 'User logged in successfully', '127.0.0.1', '2025-11-12 02:30:17', '2025-11-12 02:30:17'),
(372, 1, 'Logout', 'User logged out', '127.0.0.1', '2025-11-12 03:16:17', '2025-11-12 03:16:17'),
(373, 4, 'Login', 'User logged in successfully', '127.0.0.1', '2025-11-12 03:16:24', '2025-11-12 03:16:24'),
(374, 4, 'Logout', 'User logged out', '127.0.0.1', '2025-11-12 03:20:00', '2025-11-12 03:20:00'),
(375, 3, 'Login', 'User logged in successfully', '127.0.0.1', '2025-11-12 03:20:03', '2025-11-12 03:20:03'),
(376, 3, 'Logout', 'User logged out', '127.0.0.1', '2025-11-12 03:20:35', '2025-11-12 03:20:35'),
(377, 2, 'Login', 'User logged in successfully', '127.0.0.1', '2025-11-12 03:21:28', '2025-11-12 03:21:28'),
(378, 2, 'Logout', 'User logged out', '127.0.0.1', '2025-11-12 04:10:39', '2025-11-12 04:10:39'),
(379, 8, 'Login', 'User logged in successfully', '127.0.0.1', '2025-11-12 04:10:59', '2025-11-12 04:10:59'),
(380, 8, 'Logout', 'User logged out', '127.0.0.1', '2025-11-12 04:19:59', '2025-11-12 04:19:59'),
(381, 8, 'Login', 'User logged in successfully', '127.0.0.1', '2025-11-12 04:20:28', '2025-11-12 04:20:28'),
(382, 8, 'Logout', 'User logged out', '127.0.0.1', '2025-11-12 04:20:57', '2025-11-12 04:20:57'),
(383, 8, 'Login', 'User logged in successfully', '127.0.0.1', '2025-11-12 04:21:05', '2025-11-12 04:21:05'),
(384, 8, 'Logout', 'User logged out', '127.0.0.1', '2025-11-12 04:21:41', '2025-11-12 04:21:41'),
(385, 2, 'Login', 'User logged in successfully', '127.0.0.1', '2025-11-12 04:36:25', '2025-11-12 04:36:25'),
(386, 2, 'Logout', 'User logged out', '127.0.0.1', '2025-11-12 04:36:34', '2025-11-12 04:36:34'),
(387, 2, 'Login', 'User logged in successfully', '127.0.0.1', '2025-11-12 04:37:00', '2025-11-12 04:37:00'),
(388, 2, 'Logout', 'User logged out', '127.0.0.1', '2025-11-12 04:37:39', '2025-11-12 04:37:39'),
(389, 3, 'Login', 'User logged in successfully', '127.0.0.1', '2025-11-12 04:41:30', '2025-11-12 04:41:30'),
(390, 3, 'Logout', 'User logged out', '127.0.0.1', '2025-11-12 04:41:41', '2025-11-12 04:41:41'),
(391, 3, 'Login', 'User logged in successfully', '127.0.0.1', '2025-11-12 04:41:46', '2025-11-12 04:41:46'),
(392, 3, 'Logout', 'User logged out', '127.0.0.1', '2025-11-12 07:25:14', '2025-11-12 07:25:14'),
(393, 9, 'Login', 'User logged in successfully', '127.0.0.1', '2025-11-12 07:26:58', '2025-11-12 07:26:58'),
(394, 9, 'Logout', 'User logged out', '127.0.0.1', '2025-11-12 07:27:03', '2025-11-12 07:27:03'),
(395, 9, 'Login', 'User logged in successfully', '127.0.0.1', '2025-11-12 07:33:20', '2025-11-12 07:33:20'),
(396, 9, 'Logout', 'User logged out', '127.0.0.1', '2025-11-12 07:33:24', '2025-11-12 07:33:24'),
(397, 9, 'Login', 'User logged in successfully', '127.0.0.1', '2025-11-12 07:45:00', '2025-11-12 07:45:00'),
(398, 9, 'Logout', 'User logged out', '127.0.0.1', '2025-11-12 07:45:08', '2025-11-12 07:45:08'),
(399, 2, 'Login', 'User logged in successfully', '127.0.0.1', '2025-11-12 07:57:12', '2025-11-12 07:57:12'),
(400, 2, 'Logout', 'User logged out', '127.0.0.1', '2025-11-12 07:57:20', '2025-11-12 07:57:20'),
(401, 3, 'Login', 'User logged in successfully', '127.0.0.1', '2025-11-12 07:57:24', '2025-11-12 07:57:24'),
(402, 3, 'Logout', 'User logged out', '127.0.0.1', '2025-11-12 08:21:08', '2025-11-12 08:21:08'),
(403, 1, 'Login', 'User logged in successfully', '127.0.0.1', '2025-11-12 08:21:11', '2025-11-12 08:21:11'),
(404, 1, 'Logout', 'User logged out', '127.0.0.1', '2025-11-12 08:48:12', '2025-11-12 08:48:12'),
(405, 3, 'Login', 'User logged in successfully', '127.0.0.1', '2025-11-12 08:48:15', '2025-11-12 08:48:15'),
(406, 3, 'Logout', 'User logged out', '127.0.0.1', '2025-11-12 09:00:02', '2025-11-12 09:00:02'),
(407, 3, 'Login', 'User logged in successfully', '127.0.0.1', '2025-11-12 09:10:15', '2025-11-12 09:10:15'),
(408, 3, 'Logout', 'User logged out', '127.0.0.1', '2025-11-12 09:25:17', '2025-11-12 09:25:17'),
(409, 1, 'Login', 'User logged in successfully', '127.0.0.1', '2025-11-12 09:48:35', '2025-11-12 09:48:35'),
(410, 1, 'Logout', 'User logged out', '127.0.0.1', '2025-11-12 09:49:55', '2025-11-12 09:49:55'),
(411, 1, 'Login', 'User logged in successfully', '127.0.0.1', '2025-11-12 09:55:23', '2025-11-12 09:55:23');

-- --------------------------------------------------------

--
-- Table structure for table `attendance_records`
--

CREATE TABLE `attendance_records` (
  `attendance_id` int(11) NOT NULL,
  `user_id` int(11) NOT NULL,
  `attendance_date` date NOT NULL,
  `check_in_time` time DEFAULT NULL,
  `status` enum('Hadir','Izin','Sakit','Alpa','Terlambat') NOT NULL,
  `notes` text DEFAULT NULL,
  `gps_location` varchar(255) DEFAULT NULL,
  `created_at` timestamp NOT NULL DEFAULT current_timestamp(),
  `updated_at` timestamp NULL DEFAULT NULL,
  `full_name` varchar(100) DEFAULT NULL
) ENGINE=InnoDB DEFAULT CHARSET=utf8mb4 COLLATE=utf8mb4_general_ci;

--
-- Dumping data for table `attendance_records`
--

INSERT INTO `attendance_records` (`attendance_id`, `user_id`, `attendance_date`, `check_in_time`, `status`, `notes`, `gps_location`, `created_at`, `updated_at`, `full_name`) VALUES
(1, 4, '2025-10-16', '16:56:27', 'Hadir', 'cwcwcwcwc', '3.5756873594374294,98.66588794836962,', '2025-10-29 03:03:33', NULL, NULL),
(13, 4, '2025-10-29', NULL, '', 'Absen otomatis - Tidak check-in', '', '2025-10-29 03:04:16', NULL, 'Widi Iskandar Rangkuti'),
(14, 4, '2025-11-04', '08:47:42', 'Terlambat', '', '3.588096,98.6742784', '2025-11-04 01:47:42', NULL, 'Widi Iskandar Rangkuti'),
(15, 4, '2025-11-05', '08:42:34', 'Terlambat', '', '3.5757015,98.6656063', '2025-11-05 01:42:34', '2025-11-05 01:42:34', NULL),
(16, 1, '2025-11-05', NULL, '', 'Absen otomatis - Tidak check-in', '', '2025-11-05 03:24:14', '2025-11-05 03:24:14', NULL),
(17, 8, '2025-11-05', NULL, 'Alpa', 'Absen otomatis - Tidak check-in', '', '2025-11-05 03:26:49', '2025-11-05 03:26:49', NULL),
(18, 9, '2025-11-05', NULL, 'Alpa', 'Absen otomatis - Tidak check-in', '', '2025-11-05 03:55:17', '2025-11-05 03:55:17', 'Novita Monic Simanungkalit'),
(19, 1, '2025-11-07', NULL, 'Alpa', 'Absen otomatis - Tidak check-in', '', '2025-11-07 04:57:52', '2025-11-07 04:57:52', 'Arthur'),
(20, 1, '2025-11-10', '08:45:58', 'Terlambat', '', 'Jalan Kapten Pattimura, Padang Bulan, Medan Baru, Kota Medan, Sumatera Utara, 20152', '2025-11-10 01:45:58', '2025-11-10 01:45:58', 'Arthur'),
(21, 4, '2025-11-10', NULL, 'Alpa', 'Absen otomatis - Tidak check-in', '', '2025-11-10 03:26:38', '2025-11-10 03:26:38', 'Widi Iskandar Rangkuti'),
(22, 4, '2025-11-11', '08:34:44', 'Terlambat', '', 'Jalan Kapten Pattimura, Padang Bulan, Medan Baru, Kota Medan, Sumatera Utara, 20152', '2025-11-11 01:34:44', '2025-11-11 01:34:44', 'Widi Iskandar Rangkuti'),
(23, 4, '2025-11-12', '08:46:54', 'Terlambat', '', 'Petisah, Medan Petisah, Kota Medan, Sumatera Utara, 20151', '2025-11-12 01:46:54', '2025-11-12 01:46:54', 'Widi Iskandar Rangkuti'),
(24, 1, '2025-11-12', '09:43:28', 'Terlambat', '', 'Petisah, Medan Petisah, Kota Medan, Sumatera Utara, 20151', '2025-11-12 02:43:28', '2025-11-12 02:43:28', 'Arthur'),
(25, 1, '2025-11-13', NULL, 'Alpa', 'Absen otomatis - Tidak check-in', '', '2025-11-13 03:36:14', '2025-11-13 03:36:14', 'Arthur');

-- --------------------------------------------------------

--
-- Table structure for table `backup_logs`
--

CREATE TABLE `backup_logs` (
  `backup_id` int(11) NOT NULL,
  `backup_type` varchar(50) DEFAULT 'Lengkap',
  `status` enum('Success','Failed') NOT NULL,
  `file_path` varchar(255) DEFAULT NULL,
  `file_size_mb` decimal(10,2) DEFAULT NULL,
  `created_at` timestamp NOT NULL DEFAULT current_timestamp()
) ENGINE=InnoDB DEFAULT CHARSET=utf8mb4 COLLATE=utf8mb4_general_ci;

-- --------------------------------------------------------

--
-- Table structure for table `batches`
--

CREATE TABLE `batches` (
  `batch_id` int(11) NOT NULL,
  `batch_name` varchar(100) NOT NULL,
  `start_date` date NOT NULL,
  `end_date` date NOT NULL,
  `status` enum('Aktif','Selesai','Diarsipkan') DEFAULT 'Aktif'
) ENGINE=InnoDB DEFAULT CHARSET=utf8mb4 COLLATE=utf8mb4_general_ci;

-- --------------------------------------------------------

--
-- Table structure for table `broadcast_messages`
--

CREATE TABLE `broadcast_messages` (
  `broadcast_id` int(11) NOT NULL,
  `sender_id` int(11) NOT NULL,
  `title` varchar(150) NOT NULL,
  `content` text NOT NULL,
  `priority` enum('Biasa','Penting','Sangat Penting') DEFAULT 'Biasa',
  `sent_at` timestamp NOT NULL DEFAULT current_timestamp()
) ENGINE=InnoDB DEFAULT CHARSET=utf8mb4 COLLATE=utf8mb4_general_ci;

-- --------------------------------------------------------

--
-- Table structure for table `cache`
--

CREATE TABLE `cache` (
  `key` varchar(255) NOT NULL,
  `value` mediumtext NOT NULL,
  `expiration` int(11) NOT NULL
) ENGINE=InnoDB DEFAULT CHARSET=utf8mb4 COLLATE=utf8mb4_unicode_ci;

-- --------------------------------------------------------

--
-- Table structure for table `cache_locks`
--

CREATE TABLE `cache_locks` (
  `key` varchar(255) NOT NULL,
  `owner` varchar(255) NOT NULL,
  `expiration` int(11) NOT NULL
) ENGINE=InnoDB DEFAULT CHARSET=utf8mb4 COLLATE=utf8mb4_unicode_ci;

-- --------------------------------------------------------

--
-- Table structure for table `documents`
--

CREATE TABLE `documents` (
  `document_id` int(11) NOT NULL,
  `user_id` int(11) NOT NULL,
  `file_name` varchar(255) NOT NULL,
  `file_path` varchar(255) NOT NULL,
  `file_type` varchar(50) DEFAULT NULL,
  `file_size_kb` int(11) DEFAULT NULL,
  `uploaded_at` timestamp NOT NULL DEFAULT current_timestamp()
) ENGINE=InnoDB DEFAULT CHARSET=utf8mb4 COLLATE=utf8mb4_general_ci;

-- --------------------------------------------------------

--
-- Table structure for table `events`
--

CREATE TABLE `events` (
  `event_id` int(11) NOT NULL,
  `batch_id` int(11) NOT NULL,
  `event_title` varchar(150) NOT NULL,
  `event_description` text DEFAULT NULL,
  `start_datetime` datetime NOT NULL,
  `end_datetime` datetime NOT NULL,
  `created_by` int(11) NOT NULL
) ENGINE=InnoDB DEFAULT CHARSET=utf8mb4 COLLATE=utf8mb4_general_ci;

-- --------------------------------------------------------

--
-- Table structure for table `failed_jobs`
--

CREATE TABLE `failed_jobs` (
  `id` bigint(20) UNSIGNED NOT NULL,
  `uuid` varchar(255) NOT NULL,
  `connection` text NOT NULL,
  `queue` text NOT NULL,
  `payload` longtext NOT NULL,
  `exception` longtext NOT NULL,
  `failed_at` timestamp NOT NULL DEFAULT current_timestamp()
) ENGINE=InnoDB DEFAULT CHARSET=utf8mb4 COLLATE=utf8mb4_unicode_ci;

-- --------------------------------------------------------

--
-- Table structure for table `forum_messages`
--

CREATE TABLE `forum_messages` (
  `message_id` int(11) NOT NULL,
  `topic_id` int(11) NOT NULL,
  `user_id` int(11) NOT NULL,
  `message_content` text NOT NULL,
  `created_at` timestamp NOT NULL DEFAULT current_timestamp()
) ENGINE=InnoDB DEFAULT CHARSET=utf8mb4 COLLATE=utf8mb4_general_ci;

-- --------------------------------------------------------

--
-- Table structure for table `forum_topics`
--

CREATE TABLE `forum_topics` (
  `topic_id` int(11) NOT NULL,
  `topic_name` varchar(100) NOT NULL,
  `description` varchar(255) DEFAULT NULL
) ENGINE=InnoDB DEFAULT CHARSET=utf8mb4 COLLATE=utf8mb4_general_ci;

-- --------------------------------------------------------

--
-- Table structure for table `jobs`
--

CREATE TABLE `jobs` (
  `id` bigint(20) UNSIGNED NOT NULL,
  `queue` varchar(255) NOT NULL,
  `payload` longtext NOT NULL,
  `attempts` tinyint(3) UNSIGNED NOT NULL,
  `reserved_at` int(10) UNSIGNED DEFAULT NULL,
  `available_at` int(10) UNSIGNED NOT NULL,
  `created_at` int(10) UNSIGNED NOT NULL
) ENGINE=InnoDB DEFAULT CHARSET=utf8mb4 COLLATE=utf8mb4_unicode_ci;

-- --------------------------------------------------------

--
-- Table structure for table `job_batches`
--

CREATE TABLE `job_batches` (
  `id` varchar(255) NOT NULL,
  `name` varchar(255) NOT NULL,
  `total_jobs` int(11) NOT NULL,
  `pending_jobs` int(11) NOT NULL,
  `failed_jobs` int(11) NOT NULL,
  `failed_job_ids` longtext NOT NULL,
  `options` mediumtext DEFAULT NULL,
  `cancelled_at` int(11) DEFAULT NULL,
  `created_at` int(11) NOT NULL,
  `finished_at` int(11) DEFAULT NULL
) ENGINE=InnoDB DEFAULT CHARSET=utf8mb4 COLLATE=utf8mb4_unicode_ci;

-- --------------------------------------------------------

--
-- Table structure for table `migrations`
--

CREATE TABLE `migrations` (
  `id` int(10) UNSIGNED NOT NULL,
  `migration` varchar(255) NOT NULL,
  `batch` int(11) NOT NULL
) ENGINE=InnoDB DEFAULT CHARSET=utf8mb4 COLLATE=utf8mb4_unicode_ci;

--
-- Dumping data for table `migrations`
--

INSERT INTO `migrations` (`id`, `migration`, `batch`) VALUES
(1, '0001_01_01_000001_create_cache_table', 1),
(2, '0001_01_01_000002_create_jobs_table', 1),
(3, '2024_01_01_000000_create_roles_table', 1),
(4, '2024_01_01_000010_create_users_table', 1),
(5, '2024_01_01_000020_create_batches_table', 1),
(6, '2024_01_01_000030_create_modules_table', 1),
(7, '2024_01_01_000040_create_attendance_records_table', 1),
(8, '2024_01_01_000050_create_scores_table', 1),
(9, '2024_01_01_000060_create_notifications_table', 1),
(10, '2024_01_01_000070_create_forum_topics_table', 1),
(11, '2024_01_01_000080_create_forum_messages_table', 1),
(12, '2024_01_01_000090_create_documents_table', 1),
(13, '2024_01_01_000100_create_events_table', 1),
(15, '2024_01_01_000110_create_sessions_table', 2),
(16, '2025_10_07_072544_create_personal_access_tokens_table', 3),
(17, '2024_01_01_add_coordinator_to_users_table', 4);

-- --------------------------------------------------------

--
-- Table structure for table `modules`
--

CREATE TABLE `modules` (
  `module_id` int(11) NOT NULL,
  `batch_id` int(11) NOT NULL,
  `module_name` varchar(150) NOT NULL,
  `description` text DEFAULT NULL,
  `max_score` decimal(5,2) DEFAULT 100.00
) ENGINE=InnoDB DEFAULT CHARSET=utf8mb4 COLLATE=utf8mb4_general_ci;

-- --------------------------------------------------------

--
-- Table structure for table `notifications`
--

CREATE TABLE `notifications` (
  `notification_id` int(11) NOT NULL,
  `user_id` int(11) NOT NULL,
  `title` varchar(100) NOT NULL,
  `message` text NOT NULL,
  `is_read` tinyint(1) DEFAULT 0,
  `created_at` timestamp NOT NULL DEFAULT current_timestamp()
) ENGINE=InnoDB DEFAULT CHARSET=utf8mb4 COLLATE=utf8mb4_general_ci;

-- --------------------------------------------------------

--
-- Table structure for table `personal_access_tokens`
--

CREATE TABLE `personal_access_tokens` (
  `id` bigint(20) UNSIGNED NOT NULL,
  `tokenable_type` varchar(255) NOT NULL,
  `tokenable_id` bigint(20) UNSIGNED NOT NULL,
  `name` text NOT NULL,
  `token` varchar(64) NOT NULL,
  `abilities` text DEFAULT NULL,
  `last_used_at` timestamp NULL DEFAULT NULL,
  `expires_at` timestamp NULL DEFAULT NULL,
  `created_at` timestamp NULL DEFAULT NULL,
  `updated_at` timestamp NULL DEFAULT NULL
) ENGINE=InnoDB DEFAULT CHARSET=utf8mb4 COLLATE=utf8mb4_unicode_ci;

--
-- Dumping data for table `personal_access_tokens`
--

INSERT INTO `personal_access_tokens` (`id`, `tokenable_type`, `tokenable_id`, `name`, `token`, `abilities`, `last_used_at`, `expires_at`, `created_at`, `updated_at`) VALUES
(1, 'App\\Models\\User', 1, 'auth_token', 'bf4aea43bb32b458fec03afef0aabbb20420c730f1c392e0e3c3b8bd1ebf47c6', '[\"*\"]', NULL, NULL, '2025-10-07 00:28:15', '2025-10-07 00:28:15'),
(2, 'App\\Models\\User', 1, 'auth_token', 'f4d7be4a6bdf4dfcdec04f55d9facdaf141aefb46755fa9bf175621ca786fa49', '[\"*\"]', NULL, NULL, '2025-10-07 18:43:39', '2025-10-07 18:43:39'),
(3, 'App\\Models\\User', 1, 'auth_token', 'd6d20198f8786e8077f0b608a0afce28a61dbb650e8d18f0cb0c012841a0a7f3', '[\"*\"]', NULL, NULL, '2025-10-07 19:21:38', '2025-10-07 19:21:38'),
(4, 'App\\Models\\User', 1, 'auth_token', '75a5818e323c7318f67b9858e2c405fac99e73a30cc5437b0b3b60857487d5f3', '[\"*\"]', NULL, NULL, '2025-10-07 19:22:52', '2025-10-07 19:22:52'),
(5, 'App\\Models\\User', 1, 'auth_token', 'efe5dacc400f5c12320243bb3b03a7c2cfe7f85a2e409562087e4f4889f8c5bd', '[\"*\"]', NULL, NULL, '2025-10-07 19:23:03', '2025-10-07 19:23:03'),
(6, 'App\\Models\\User', 1, 'auth_token', '972cd2a1451c7e2f4564c3002b7338bcdab098a8a6ef5fcb29f387e0fbfbf713', '[\"*\"]', NULL, NULL, '2025-10-07 19:23:10', '2025-10-07 19:23:10'),
(7, 'App\\Models\\User', 1, 'auth_token', '935fbf2235e94d8a691147142e207ef94982ae27b876356cd5bb141998b7236a', '[\"*\"]', NULL, NULL, '2025-10-07 19:26:26', '2025-10-07 19:26:26'),
(8, 'App\\Models\\User', 1, 'auth_token', 'd7d4f4dfcd175b99aa1943861229b847d2ce58dfc35e824765ffce77921a7e5c', '[\"*\"]', NULL, NULL, '2025-10-07 19:54:36', '2025-10-07 19:54:36'),
(9, 'App\\Models\\User', 1, 'auth_token', '08f07f051ebf1782eb4b36a6e821c8530cd44ec607ec6109e04d2aa70645631e', '[\"*\"]', NULL, NULL, '2025-10-07 19:54:57', '2025-10-07 19:54:57'),
(10, 'App\\Models\\User', 2, 'auth_token', '5676f1e780a93672e270e1353e499e35622cf4d5c408460a7e06a3f4586466a9', '[\"*\"]', NULL, NULL, '2025-10-08 01:04:53', '2025-10-08 01:04:53'),
(11, 'App\\Models\\User', 1, 'auth_token', '0adf3467d6ce43b345bad1d0a6833efd45f81454482bf0cd2ac8b48a45de88d4', '[\"*\"]', NULL, NULL, '2025-10-08 01:05:18', '2025-10-08 01:05:18'),
(12, 'App\\Models\\User', 1, 'auth_token', '1aca681742c15809fd91f26e38d51cbd23de59d33d1f08b18a53cb07ff237c1e', '[\"*\"]', NULL, NULL, '2025-10-08 01:23:16', '2025-10-08 01:23:16'),
(13, 'App\\Models\\User', 1, 'auth_token', '518b2d4c329677f7cfb4342d45af786d807aa67f724145f32ce46eaeaa566f62', '[\"*\"]', NULL, NULL, '2025-10-08 01:31:29', '2025-10-08 01:31:29'),
(14, 'App\\Models\\User', 1, 'auth_token', '5325148c30d81be1f4eb89e83a6c568d297868125164761b93441de3e21c3336', '[\"*\"]', NULL, NULL, '2025-10-08 01:34:21', '2025-10-08 01:34:21'),
(15, 'App\\Models\\User', 2, 'auth_token', 'b6f3a687279b6487dc9a61a43b760b29b49faee93e71be204a1dbaf11c5a7744', '[\"*\"]', NULL, NULL, '2025-10-08 01:52:16', '2025-10-08 01:52:16'),
(16, 'App\\Models\\User', 1, 'auth_token', 'b789d55109e0603d5b6cd6ec59393149a21ff353f43a8103ab660c7cec15fdac', '[\"*\"]', NULL, NULL, '2025-10-08 02:28:59', '2025-10-08 02:28:59'),
(17, 'App\\Models\\User', 3, 'auth_token', '3bf6a009d2c6a2c024ce37fe5d4153ca366beb6a100c68d70658b9c10d943b8d', '[\"*\"]', NULL, NULL, '2025-10-08 02:29:59', '2025-10-08 02:29:59'),
(18, 'App\\Models\\User', 2, 'auth_token', '94d57fd18d5fcff1cbfaf538743b997e1e5b5d6482d48c278403575c143944c3', '[\"*\"]', NULL, NULL, '2025-10-08 02:30:42', '2025-10-08 02:30:42'),
(19, 'App\\Models\\User', 3, 'auth_token', '136ba0e407c64ce338acf1bb1d6fa34052bcef5fe98ae265430fd231e7bc4837', '[\"*\"]', NULL, NULL, '2025-10-08 18:53:06', '2025-10-08 18:53:06'),
(20, 'App\\Models\\User', 2, 'auth_token', '587a9710c3e992b7232ecbf9f4b9a9f6e00ce800dc28b549e30d6ca15b8872ae', '[\"*\"]', NULL, NULL, '2025-10-08 18:53:24', '2025-10-08 18:53:24'),
(21, 'App\\Models\\User', 1, 'auth_token', 'a8483d2f9dcb973363f693a279a599fd4b66a3f66cb1ad17b6dd7fe563080bb3', '[\"*\"]', NULL, NULL, '2025-10-08 18:54:03', '2025-10-08 18:54:03'),
(22, 'App\\Models\\User', 2, 'auth_token', '644f839eeb9d46130c91002e5e04f7e4677f6ecf884a58a9e920e62e61eb00e4', '[\"*\"]', NULL, NULL, '2025-10-08 19:00:00', '2025-10-08 19:00:00'),
(23, 'App\\Models\\User', 3, 'auth_token', '6050fb14cbda40e7dcc22bdceb513d1421f08ca70100fde69195fab2b0436ac2', '[\"*\"]', NULL, NULL, '2025-10-08 19:00:38', '2025-10-08 19:00:38'),
(24, 'App\\Models\\User', 2, 'auth_token', 'b37ddfc542d466b57036078d91283c05e16894cf9cf4bc6dde2ffcb83492e06c', '[\"*\"]', NULL, NULL, '2025-10-08 20:05:40', '2025-10-08 20:05:40'),
(25, 'App\\Models\\User', 3, 'auth_token', '737a85c5606181acfcb7fa338c16da6307ac967f16730b5ab90d52e933e4f9a3', '[\"*\"]', NULL, NULL, '2025-10-08 20:05:57', '2025-10-08 20:05:57'),
(32, 'App\\Models\\User', 1, 'auth_token', 'fb4f737fa6b5cf62920a479a8c407314c9ffdb5ef90469a60d0a929e6adba011', '[\"*\"]', '2025-10-16 16:28:26', NULL, '2025-10-16 16:01:28', '2025-10-16 16:28:26'),
(38, 'App\\Models\\User', 1, 'auth_token', 'ac192bd02ec5271d0378b3a9c6d316ebdafa69345e231feab0ea1e8bfcaf0340', '[\"*\"]', '2025-10-17 03:09:35', NULL, '2025-10-17 03:06:54', '2025-10-17 03:09:35'),
(39, 'App\\Models\\User', 1, 'auth_token', '85e693bdbb2b79bf7e7f0501869e99f094cc5c261b3a7d14da3cd65fead60c16', '[\"*\"]', '2025-10-17 04:49:38', NULL, '2025-10-17 04:00:09', '2025-10-17 04:49:38'),
(40, 'App\\Models\\User', 1, 'auth_token', '24a8f9e8cc8002033285df01d7ddc4a8fc23945cda653b5eb5b68b23ed93ad1e', '[\"*\"]', '2025-10-17 06:37:41', NULL, '2025-10-17 06:35:31', '2025-10-17 06:37:41'),
(41, 'App\\Models\\User', 1, 'auth_token', '757d2e4fc4eab27577ba5f2ca65039e9709051c7b3f14f58cf52d993d617f148', '[\"*\"]', '2025-10-18 12:14:51', NULL, '2025-10-18 09:43:32', '2025-10-18 12:14:51'),
(46, 'App\\Models\\User', 3, 'auth_token', 'c69fa5183dc40d539242394b6977abec0fe2dc946efe84615288b7a45a873a3a', '[\"*\"]', NULL, NULL, '2025-10-18 13:30:39', '2025-10-18 13:30:39'),
(47, 'App\\Models\\User', 1, 'auth_token', '3e482b42d0f0e4f8f6bcf01fa497f63dde3577f975c63632078061ab577df6cc', '[\"*\"]', NULL, NULL, '2025-10-18 14:08:42', '2025-10-18 14:08:42'),
(48, 'App\\Models\\User', 1, 'auth_token', '3d13d7f7c301f365843691f8656d355ff5811a36d368d7290199d46ef0bdc5bb', '[\"*\"]', NULL, NULL, '2025-10-18 14:08:45', '2025-10-18 14:08:45'),
(49, 'App\\Models\\User', 2, 'auth_token', 'ce6d1840f124df06324bd1641b3367ed7c4473c4fbc027eaf72e972914176fc1', '[\"*\"]', NULL, NULL, '2025-10-18 14:08:49', '2025-10-18 14:08:49'),
(50, 'App\\Models\\User', 1, 'auth_token', '04935c1c9f20c646863edb000202ee7d839c223e89b26d3ce588a87f3beea640', '[\"*\"]', NULL, NULL, '2025-10-18 14:08:52', '2025-10-18 14:08:52'),
(51, 'App\\Models\\User', 1, 'auth_token', '9438aa0c37a8b307f8fb956e5a3f33bd83ed9fc24aaca3e7230d326337a488f0', '[\"*\"]', NULL, NULL, '2025-10-18 14:09:15', '2025-10-18 14:09:15'),
(52, 'App\\Models\\User', 3, 'auth_token', '0c4a708ee4bb5b986dac849336d18e058a2b64e7eaa4099d4959f6fb4d061ef6', '[\"*\"]', NULL, NULL, '2025-10-18 14:09:56', '2025-10-18 14:09:56'),
(53, 'App\\Models\\User', 1, 'auth_token', '45ed4156741a9db151361b124fc82b9e6a2fb07a9cebf57a2b4394b477930d1b', '[\"*\"]', NULL, NULL, '2025-10-18 14:09:59', '2025-10-18 14:09:59'),
(54, 'App\\Models\\User', 1, 'auth_token', '52b1050e5fdab3bcc5ed00884be2a5c323f585315e827e5510b9fe9a5613e0be', '[\"*\"]', NULL, NULL, '2025-10-18 14:17:51', '2025-10-18 14:17:51'),
(55, 'App\\Models\\User', 1, 'auth_token', '7912c4366d319a2f12f66d75308d05751abcb9fff8f824aafd54091a66cb58ab', '[\"*\"]', NULL, NULL, '2025-10-18 14:18:05', '2025-10-18 14:18:05'),
(56, 'App\\Models\\User', 1, 'auth_token', 'bf4745013179a9a69739bfede19dd942f989bd666339415730d1e33844143867', '[\"*\"]', NULL, NULL, '2025-10-18 14:20:40', '2025-10-18 14:20:40'),
(57, 'App\\Models\\User', 2, 'auth_token', '47b11096c757ecf8198a27870674257173384ce15b899249375d12544b6f1610', '[\"*\"]', NULL, NULL, '2025-10-18 14:20:44', '2025-10-18 14:20:44'),
(58, 'App\\Models\\User', 3, 'auth_token', 'ba8f60f9358bed7bc9e4e1a0a6e1fa7d2732b77459111fc3e295dae15afeb213', '[\"*\"]', NULL, NULL, '2025-10-18 14:20:48', '2025-10-18 14:20:48'),
(59, 'App\\Models\\User', 1, 'auth_token', '7f68420d09c576d83f4c6102e17d44a57639ec6428ac0d0f4acb299e8530ebb7', '[\"*\"]', NULL, NULL, '2025-10-18 14:24:18', '2025-10-18 14:24:18'),
(60, 'App\\Models\\User', 1, 'auth_token', '5ec4ca484821f9c6b7b23b815df9d69a3d7136458eb3a13893623351f74a8fbf', '[\"*\"]', NULL, NULL, '2025-10-18 14:24:54', '2025-10-18 14:24:54'),
(61, 'App\\Models\\User', 1, 'auth_token', '70c6405497c9fb4ae1090c03dca5f6488ed9da53417cd5d56833c3a814e63021', '[\"*\"]', NULL, NULL, '2025-10-18 14:26:16', '2025-10-18 14:26:16'),
(62, 'App\\Models\\User', 1, 'auth_token', 'dde91374dbc1f441e5b90bacb18bd16a48c3633a7a8e1086216ba80621f65775', '[\"*\"]', NULL, NULL, '2025-10-18 14:26:22', '2025-10-18 14:26:22'),
(63, 'App\\Models\\User', 1, 'auth_token', '9b27afa724a8a98fb7212b055b31079b374d2cb5bae3eb98b826a4b0e7955cfb', '[\"*\"]', NULL, NULL, '2025-10-18 14:30:33', '2025-10-18 14:30:33'),
(64, 'App\\Models\\User', 1, 'auth_token', '9f8f0e9e7bb2c8952c4cf32d75fddea869b258efcc4f06e6fc126463717f0eb7', '[\"*\"]', NULL, NULL, '2025-10-18 14:30:39', '2025-10-18 14:30:39'),
(65, 'App\\Models\\User', 1, 'auth_token', '470ff15c14814b817c2919c46d4f5a2072ecffa210c64e2879586f1e6c3c97d4', '[\"*\"]', NULL, NULL, '2025-10-18 14:30:53', '2025-10-18 14:30:53'),
(66, 'App\\Models\\User', 1, 'auth_token', 'f7404fbce59f887f4e7c485ed61f1432ffff5a4b481390598e14d90c285a2a62', '[\"*\"]', NULL, NULL, '2025-10-18 14:31:26', '2025-10-18 14:31:26'),
(67, 'App\\Models\\User', 1, 'auth_token', 'e30cb2f049bbfa40d9ee3a11a0a669694abb10c5c639cf5362da460d426eb315', '[\"*\"]', NULL, NULL, '2025-10-18 14:37:21', '2025-10-18 14:37:21'),
(68, 'App\\Models\\User', 1, 'auth_token', '034d24e857087e622f9aac250768efc6ced1798e08bab589ed0793af71b6a6cd', '[\"*\"]', NULL, NULL, '2025-10-18 14:37:27', '2025-10-18 14:37:27'),
(69, 'App\\Models\\User', 1, 'auth_token', 'dd674e201b96fcd81b48c70750ab89e8a989a6a5ebd284b61e284862e9df2b48', '[\"*\"]', NULL, NULL, '2025-10-18 14:40:30', '2025-10-18 14:40:30'),
(70, 'App\\Models\\User', 1, 'auth_token', '84d07128b1ee24bf94cfc114e1c28b51d3db016b2108100102c94dc49dc54aeb', '[\"*\"]', '2025-10-18 14:46:25', NULL, '2025-10-18 14:46:20', '2025-10-18 14:46:25'),
(75, 'App\\Models\\User', 4, 'auth_token', 'c9bf3127c597d8e49995ad62108d72cb409c27b482fa84fa4d21a5c3554c7360', '[\"*\"]', '2025-10-19 18:31:58', NULL, '2025-10-19 18:31:57', '2025-10-19 18:31:58'),
(76, 'App\\Models\\User', 4, 'auth_token', 'ee1e19e597852b816eedbfce227e38665569918fbfc6152383749abc2b67873b', '[\"*\"]', '2025-10-19 18:32:17', NULL, '2025-10-19 18:32:16', '2025-10-19 18:32:17'),
(77, 'App\\Models\\User', 1, 'auth_token', '5bf9f1eb73694cfb53a1ac54d719199bdb730560c06ee6f82089998d75f3300b', '[\"*\"]', '2025-10-19 18:32:36', NULL, '2025-10-19 18:32:20', '2025-10-19 18:32:36'),
(78, 'App\\Models\\User', 1, 'auth_token', 'aed2a158816f947b10b6a33c0870fe110fcc4adafce004098d4e90ed6d45f47c', '[\"*\"]', '2025-10-19 18:32:39', NULL, '2025-10-19 18:32:39', '2025-10-19 18:32:39'),
(79, 'App\\Models\\User', 1, 'auth_token', '4b89af2e0ddf40ea93ef3cd96b6be9c71ea8ab1128497e4ac9b22cab2c9c7188', '[\"*\"]', '2025-10-19 18:32:49', NULL, '2025-10-19 18:32:48', '2025-10-19 18:32:49'),
(80, 'App\\Models\\User', 1, 'auth_token', '49c6b7484701317d3e161d0c7288947fc03c400da39ea2b110c7a73947212341', '[\"*\"]', '2025-10-19 18:44:36', NULL, '2025-10-19 18:44:35', '2025-10-19 18:44:36'),
(81, 'App\\Models\\User', 1, 'auth_token', '0762eca3bf3a40d7efda9b454f7e93b77feac9868c972e5d746163c64d06b7e5', '[\"*\"]', '2025-10-19 18:44:41', NULL, '2025-10-19 18:44:40', '2025-10-19 18:44:41'),
(82, 'App\\Models\\User', 1, 'auth_token', '630d9c45118ad92a3c5d38c83b817bbc35e4defcb7458555ee3dbf4a2fe5fffe', '[\"*\"]', '2025-10-19 18:47:31', NULL, '2025-10-19 18:46:17', '2025-10-19 18:47:31'),
(85, 'App\\Models\\User', 1, 'auth_token', 'ae429a76a69d2f051652d412bfd1ad93f04ab5a47d7f93ad1bad8117cefe0897', '[\"*\"]', '2025-10-19 18:49:07', NULL, '2025-10-19 18:49:06', '2025-10-19 18:49:07'),
(86, 'App\\Models\\User', 1, 'auth_token', '6ea445dd49e793b8f3b9dfb1129361a3dc4d133edd7e58ddbe725f7c2510a31d', '[\"*\"]', '2025-10-20 00:00:15', NULL, '2025-10-19 19:08:38', '2025-10-20 00:00:15'),
(107, 'App\\Models\\User', 4, 'auth_token', '65e750e4894bc6d2beb978da0e024c966fa3493ed937aed47fccb1e9aed78b68', '[\"*\"]', '2025-10-20 05:11:21', NULL, '2025-10-20 03:05:40', '2025-10-20 05:11:21'),
(112, 'App\\Models\\User', 3, 'auth_token', '69edb1831219424351082c53c3f97833c48a8afecf30b0cfc4d8482834b9d0e7', '[\"*\"]', NULL, NULL, '2025-10-20 08:46:57', '2025-10-20 08:46:57'),
(116, 'App\\Models\\User', 3, 'auth_token', '466b74ffe056179fd67e2cdf11a45bf84aeee9f37c64f8544ad56580f1c2fc06', '[\"*\"]', '2025-10-20 11:54:27', NULL, '2025-10-20 11:24:47', '2025-10-20 11:54:27'),
(121, 'App\\Models\\User', 8, 'auth_token', '35133a532b85511ab11f659e8aab3073000239d1b3ef4739c99d1d976956a81e', '[\"*\"]', '2025-10-22 12:15:39', NULL, '2025-10-22 12:15:39', '2025-10-22 12:15:39'),
(122, 'App\\Models\\User', 1, 'auth_token', '58d7b916ce23b46cd14c9a9821807b6bd2c41393c568c52a8829eecc7e332de8', '[\"*\"]', '2025-10-22 12:16:05', NULL, '2025-10-22 12:16:04', '2025-10-22 12:16:05'),
(123, 'App\\Models\\User', 1, 'auth_token', '6ca32034193b7ef27a1ebee2c67a3d5f132b5b6f44dd994becdeb9cdeb3b9057', '[\"*\"]', '2025-10-22 12:29:51', NULL, '2025-10-22 12:16:26', '2025-10-22 12:29:51'),
(124, 'App\\Models\\User', 1, 'auth-token', 'fbaaccbe84d5639a72335c9163c215e1692d020bad9783ea30fd605ae7af8a9e', '[\"*\"]', NULL, NULL, '2025-10-22 12:21:57', '2025-10-22 12:21:57'),
(125, 'App\\Models\\User', 1, 'auth-token', '10a7b4239077d770bc35bc2104b49d0413be38e4777861d4af17fab6a5404aa0', '[\"*\"]', '2025-10-22 12:33:37', NULL, '2025-10-22 12:29:53', '2025-10-22 12:33:37'),
(126, 'App\\Models\\User', 3, 'auth-token', 'd7f4dbf87681a3a202e6c81b6b8a31243b56c0a0e375ff2cd9fd9a5de8f46064', '[\"*\"]', NULL, NULL, '2025-10-22 12:33:44', '2025-10-22 12:33:44'),
(127, 'App\\Models\\User', 1, 'auth-token', 'b7d507544310497d154c8d904dff59743c1b820192621581e44ea3dda76f7bda', '[\"*\"]', '2025-10-22 12:37:58', NULL, '2025-10-22 12:36:40', '2025-10-22 12:37:58'),
(128, 'App\\Models\\User', 3, 'auth_token', '19732d4c64022a454099b436cfe78814413cf4b614481c1af8567788bd4cff09', '[\"*\"]', NULL, NULL, '2025-10-22 12:38:04', '2025-10-22 12:38:04'),
(129, 'App\\Models\\User', 1, 'auth_token', '3ba39aa86ae4d5b07cb1e5cdd41bb89bda7fe944eee6586fe11d04bfcec24f82', '[\"*\"]', '2025-10-22 15:43:33', NULL, '2025-10-22 12:38:14', '2025-10-22 15:43:33'),
(130, 'App\\Models\\User', 1, 'auth_token', '1722acf6de5fbd1aba864e4c86ba012bab9d29817978232ab448b11a339fe84f', '[\"*\"]', '2025-10-22 15:43:39', NULL, '2025-10-22 15:43:38', '2025-10-22 15:43:39'),
(131, 'App\\Models\\User', 1, 'auth_token', 'db42317beb2ed87d650d39c3fb63c94f0839a62e7c41ad94773edd0fee011959', '[\"*\"]', '2025-10-22 16:41:57', NULL, '2025-10-22 15:50:27', '2025-10-22 16:41:57'),
(132, 'App\\Models\\User', 1, 'auth_token', 'f9f2fed4addf8f89ba8a613b4524bc5b3b6a0897b19acb880702e669828c60c9', '[\"*\"]', '2025-10-22 16:42:03', NULL, '2025-10-22 16:42:02', '2025-10-22 16:42:03'),
(134, 'App\\Models\\User', 3, 'auth_token', '042b644cf2f43f0e0074300298ce920f82a503951d085753b4c3ceb47df84a67', '[\"*\"]', NULL, NULL, '2025-10-22 16:42:40', '2025-10-22 16:42:40'),
(136, 'App\\Models\\User', 8, 'auth_token', '0a415a3ee7955b4d0ece352e7ed03190f187b359231d76ef208dabdf83e44f57', '[\"*\"]', '2025-10-22 16:43:19', NULL, '2025-10-22 16:43:18', '2025-10-22 16:43:19'),
(138, 'App\\Models\\User', 3, 'auth_token', 'eaf0d54f9717b1cb7e3ee0fbe3e2644ba74d44bf3bd1566ec3fc738c2ef0c687', '[\"*\"]', NULL, NULL, '2025-10-22 16:43:55', '2025-10-22 16:43:55'),
(144, 'App\\Models\\User', 1, 'auth_token', '390a6b656b8ba62c63a8715a8bffa766e2d7f01f3665836016c18d34ea540f78', '[\"*\"]', '2025-10-22 16:58:09', NULL, '2025-10-22 16:58:08', '2025-10-22 16:58:09'),
(160, 'App\\Models\\User', 3, 'auth_token', '47730eac99ebb9398cfe155da4c22a70583db5790002c9919ea901d414d475e3', '[\"*\"]', '2025-10-23 02:37:44', NULL, '2025-10-23 02:19:13', '2025-10-23 02:37:44'),
(162, 'App\\Models\\User', 4, 'auth_token', '90aca1a3e5e89a1e91c245258ddb7fb36cc3deda467917dcf4bdbe4b0b284e79', '[\"*\"]', '2025-10-30 02:51:31', NULL, '2025-10-29 02:54:17', '2025-10-30 02:51:31'),
(167, 'App\\Models\\User', 4, 'auth_token', 'd8658b964db50d73afc2c5fe963e8ab777ab8736b661a94a30acdc00b085265b', '[\"*\"]', '2025-10-31 03:22:42', NULL, '2025-10-31 03:21:46', '2025-10-31 03:22:42'),
(199, 'App\\Models\\User', 2, 'auth_token', '283a0179f68984ac6b0d803179dc712c38181ebea292444220366b8a871a4d64', '[\"*\"]', '2025-11-05 07:16:54', NULL, '2025-11-05 04:33:53', '2025-11-05 07:16:54'),
(201, 'App\\Models\\User', 2, 'auth_token', 'e191002791b1720e02f0ae011fc9b8b7287073352def0f42e46817842da003fe', '[\"*\"]', '2025-11-06 07:55:30', NULL, '2025-11-05 07:56:50', '2025-11-06 07:55:30'),
(203, 'App\\Models\\User', 1, 'auth_token', '7325e3153dbe2b3057b2f5fb964379220488a4ba724d0a532ad12b0185b12d2a', '[\"*\"]', '2025-11-07 04:57:52', NULL, '2025-11-07 04:57:48', '2025-11-07 04:57:52'),
(205, 'App\\Models\\User', 4, 'auth_token', 'd6147f627ae9286939c4e683c9d525cf3149bdb1496195799b788f80162320a1', '[\"*\"]', '2025-11-10 02:21:33', NULL, '2025-11-10 02:21:29', '2025-11-10 02:21:33'),
(255, 'App\\Models\\User', 1, 'auth_token', '763b0378ac74754e319c010e8fe18e3dfa62bee682b9fea131566577e2ddc986', '[\"*\"]', '2025-11-13 03:36:16', NULL, '2025-11-12 09:55:23', '2025-11-13 03:36:16');

-- --------------------------------------------------------

--
-- Table structure for table `progress`
--

CREATE TABLE `progress` (
  `id` bigint(20) UNSIGNED NOT NULL,
  `user_id` int(11) NOT NULL,
  `kunjungan_bpu` int(11) NOT NULL DEFAULT 0,
  `hasil_akuisisi_bpu` int(11) NOT NULL DEFAULT 0,
  `kunjungan_pu` int(11) NOT NULL DEFAULT 0,
  `video_viralisasi` int(11) NOT NULL DEFAULT 0,
  `kehadiran_seminar` int(11) NOT NULL DEFAULT 0,
  `kehadiran_sosialisasi` int(11) NOT NULL DEFAULT 0,
  `total_poin` int(11) NOT NULL DEFAULT 0,
  `nilai` int(11) NOT NULL DEFAULT 0,
  `grade` char(1) DEFAULT NULL,
  `created_at` timestamp NULL DEFAULT NULL,
  `updated_at` timestamp NULL DEFAULT NULL
) ENGINE=InnoDB DEFAULT CHARSET=utf8mb4 COLLATE=utf8mb4_unicode_ci;

--
-- Dumping data for table `progress`
--

INSERT INTO `progress` (`id`, `user_id`, `kunjungan_bpu`, `hasil_akuisisi_bpu`, `kunjungan_pu`, `video_viralisasi`, `kehadiran_seminar`, `kehadiran_sosialisasi`, `total_poin`, `nilai`, `grade`, `created_at`, `updated_at`) VALUES
(1, 4, 35, 20, 7, 1, 3, 3, 100, 100, 'A', '2025-10-29 04:07:44', '2025-11-11 04:24:37'),
(4, 9, 0, 0, 0, 1, 0, 1, 25, 25, 'E', '2025-11-06 07:21:20', '2025-11-11 03:42:21');

-- --------------------------------------------------------

--
-- Table structure for table `report_logs`
--

CREATE TABLE `report_logs` (
  `log_id` int(11) NOT NULL,
  `report_name` varchar(100) NOT NULL,
  `generated_by` int(11) NOT NULL,
  `generated_at` timestamp NOT NULL DEFAULT current_timestamp(),
  `file_format` enum('PDF','Excel','CSV') DEFAULT NULL,
  `file_path` varchar(255) DEFAULT NULL
) ENGINE=InnoDB DEFAULT CHARSET=utf8mb4 COLLATE=utf8mb4_general_ci;

-- --------------------------------------------------------

--
-- Table structure for table `roles`
--

CREATE TABLE `roles` (
  `role_id` int(11) NOT NULL,
  `role_name` varchar(50) NOT NULL
) ENGINE=InnoDB DEFAULT CHARSET=utf8mb4 COLLATE=utf8mb4_general_ci;

--
-- Dumping data for table `roles`
--

INSERT INTO `roles` (`role_id`, `role_name`) VALUES
(3, 'Administrator'),
(2, 'Koordinator'),
(1, 'Peserta');

-- --------------------------------------------------------

--
-- Table structure for table `scores`
--

CREATE TABLE `scores` (
  `score_id` int(11) NOT NULL,
  `user_id` int(11) NOT NULL,
  `module_id` int(11) NOT NULL,
  `coordinator_id` int(11) NOT NULL,
  `score_value` decimal(5,2) NOT NULL,
  `comments` text DEFAULT NULL,
  `graded_at` date NOT NULL,
  `created_at` timestamp NOT NULL DEFAULT current_timestamp()
) ENGINE=InnoDB DEFAULT CHARSET=utf8mb4 COLLATE=utf8mb4_general_ci;

-- --------------------------------------------------------

--
-- Table structure for table `sessions`
--

CREATE TABLE `sessions` (
  `id` varchar(255) NOT NULL,
  `user_id` bigint(20) UNSIGNED DEFAULT NULL,
  `ip_address` varchar(45) DEFAULT NULL,
  `user_agent` text DEFAULT NULL,
  `payload` longtext NOT NULL,
  `last_activity` int(11) NOT NULL
) ENGINE=InnoDB DEFAULT CHARSET=utf8mb4 COLLATE=utf8mb4_unicode_ci;

--
-- Dumping data for table `sessions`
--

INSERT INTO `sessions` (`id`, `user_id`, `ip_address`, `user_agent`, `payload`, `last_activity`) VALUES
('3QSq8Ev56L783h6a6cSlsNT5hFH4N7ZpxDQmtX2P', NULL, '127.0.0.1', 'Mozilla/5.0 (Windows NT 10.0; Win64; x64) AppleWebKit/537.36 (KHTML, like Gecko) Chrome/140.0.0.0 Safari/537.36', 'YTozOntzOjY6Il90b2tlbiI7czo0MDoiVXRyZDBndUhpT1RWQ2Fjbmp5UHhoVmV5MDVldGFSWHNjNE5Sd1J2RSI7czo5OiJfcHJldmlvdXMiO2E6MTp7czozOiJ1cmwiO3M6MjE6Imh0dHA6Ly8xMjcuMC4wLjE6ODAwMCI7fXM6NjoiX2ZsYXNoIjthOjI6e3M6Mzoib2xkIjthOjA6e31zOjM6Im5ldyI7YTowOnt9fX0=', 1759718798),
('AwF8Suaqp8g1JC345Jto77W9oz8B1vi3we1jnxgA', NULL, '127.0.0.1', 'Mozilla/5.0 (Windows NT 10.0; Win64; x64) AppleWebKit/537.36 (KHTML, like Gecko) Chrome/141.0.0.0 Safari/537.36', 'YTozOntzOjY6Il90b2tlbiI7czo0MDoiTUhZRWZ0Qk0wQlJFdVVQbHFvbjJrdGlBMXRja3dqemt4YVdtWWJMOSI7czo5OiJfcHJldmlvdXMiO2E6MTp7czozOiJ1cmwiO3M6MjE6Imh0dHA6Ly8xMjcuMC4wLjE6ODAwMCI7fXM6NjoiX2ZsYXNoIjthOjI6e3M6Mzoib2xkIjthOjA6e31zOjM6Im5ldyI7YTowOnt9fX0=', 1759889599);

-- --------------------------------------------------------

--
-- Table structure for table `users`
--

CREATE TABLE `users` (
  `user_id` int(11) NOT NULL,
  `unique_id` varchar(20) NOT NULL,
  `full_name` varchar(100) NOT NULL,
  `password_hash` varchar(255) NOT NULL,
  `role_id` int(11) NOT NULL,
  `coordinator_id` bigint(20) UNSIGNED DEFAULT NULL,
  `status` enum('Aktif','Nonaktif') DEFAULT 'Aktif',
  `penempatan` enum('Kantor','Lapangan') DEFAULT NULL,
  `created_at` timestamp NOT NULL DEFAULT current_timestamp(),
  `updated_at` timestamp NOT NULL DEFAULT current_timestamp() ON UPDATE current_timestamp()
) ENGINE=InnoDB DEFAULT CHARSET=utf8mb4 COLLATE=utf8mb4_general_ci;

--
-- Dumping data for table `users`
--

INSERT INTO `users` (`user_id`, `unique_id`, `full_name`, `password_hash`, `role_id`, `coordinator_id`, `status`, `penempatan`, `created_at`, `updated_at`) VALUES
(1, 'PES001', 'Arthur', '$2y$12$qYPqJ7Oc8uuLZxbIC/jLmu7N47le3HwdrQev819FwfDD4RgMMSejm', 1, 5, 'Aktif', 'Lapangan', '2025-10-07 03:53:13', '2025-11-12 07:42:50'),
(2, 'KO001', 'Fedro', '$2y$12$d4ESzMeFBIiOcelDgS.p9Ob2GnjWEFGEB3ts/IVhMeUqz76pk7QZe', 2, NULL, 'Aktif', NULL, '2025-10-08 07:58:35', '2025-10-18 13:09:24'),
(3, 'ADM001', 'Admin Sistem', '$2y$12$ossBuqIcXWeNKmUV5b.CoujwoCWH5RD5bPdteoV1VfF3AlA2EG9VO', 3, NULL, 'Aktif', NULL, '2025-10-08 07:59:16', '2025-10-08 01:03:47'),
(4, 'PES002', 'Widi Iskandar Rangkuti', '$2y$12$bVHdQQ0m2LxBcuec/B7e..EkgBPmgahZwPzOkGL7I2uzX2S5/1UTm', 1, 2, 'Aktif', 'Kantor', '2025-10-17 02:51:55', '2025-11-07 04:12:03'),
(5, 'KO002', 'Afiyah', '$2y$12$500czMs9Mv6YiazGLUMRMutCWpZiNKe8yvJPn/ilY3Xd14qLYDkBu', 2, NULL, 'Aktif', NULL, '2025-10-18 13:05:33', '2025-10-18 13:08:21'),
(6, 'KO003', 'Fizka', '$2y$12$ONt3AuQbMr4rpqdlCtY6geDLf6xJPUFDwrFS3Xqw486R/6NuwgP3.', 2, NULL, 'Aktif', NULL, '2025-10-18 13:06:07', '2025-10-18 13:08:33'),
(7, 'KO004', 'Paramitha', '$2y$12$qelR07/V0e3eDk5jhrjzkOe.3C0xIw0h.qLnBjOoVsmWKYyWfK1dq', 2, NULL, 'Aktif', NULL, '2025-10-18 13:07:17', '2025-10-18 13:08:47'),
(8, 'PES003', 'Adinda Putri Anggraini', '$2y$12$wLNU7DuTNbWDM5eGI2PeEOSB3/6NzkD8ihmFL6XbBQ7Sw.lFeBW0u', 1, 6, 'Aktif', NULL, '2025-10-22 12:15:10', '2025-11-12 04:20:49'),
(9, 'PES004', 'Novita Monic Simanungkalit', '$2y$12$pPumBJf6FaGLtV0PlT/m7.j/OZpTLEgZ36i2bviA1rvDjzJHuHwom', 1, 2, 'Aktif', 'Lapangan', '2025-10-23 01:46:32', '2025-11-12 07:43:54');

-- --------------------------------------------------------

--
-- Table structure for table `user_batches`
--

CREATE TABLE `user_batches` (
  `user_batch_id` int(11) NOT NULL,
  `user_id` int(11) NOT NULL,
  `batch_id` int(11) NOT NULL,
  `assigned_at` timestamp NOT NULL DEFAULT current_timestamp()
) ENGINE=InnoDB DEFAULT CHARSET=utf8mb4 COLLATE=utf8mb4_general_ci;

--
-- Indexes for dumped tables
--

--
-- Indexes for table `activity_logs`
--
ALTER TABLE `activity_logs`
  ADD PRIMARY KEY (`log_id`),
  ADD KEY `user_id` (`user_id`);

--
-- Indexes for table `attendance_records`
--
ALTER TABLE `attendance_records`
  ADD PRIMARY KEY (`attendance_id`),
  ADD UNIQUE KEY `user_id` (`user_id`,`attendance_date`);

--
-- Indexes for table `backup_logs`
--
ALTER TABLE `backup_logs`
  ADD PRIMARY KEY (`backup_id`);

--
-- Indexes for table `batches`
--
ALTER TABLE `batches`
  ADD PRIMARY KEY (`batch_id`);

--
-- Indexes for table `broadcast_messages`
--
ALTER TABLE `broadcast_messages`
  ADD PRIMARY KEY (`broadcast_id`),
  ADD KEY `sender_id` (`sender_id`);

--
-- Indexes for table `cache`
--
ALTER TABLE `cache`
  ADD PRIMARY KEY (`key`);

--
-- Indexes for table `cache_locks`
--
ALTER TABLE `cache_locks`
  ADD PRIMARY KEY (`key`);

--
-- Indexes for table `documents`
--
ALTER TABLE `documents`
  ADD PRIMARY KEY (`document_id`),
  ADD KEY `user_id` (`user_id`);

--
-- Indexes for table `events`
--
ALTER TABLE `events`
  ADD PRIMARY KEY (`event_id`),
  ADD KEY `batch_id` (`batch_id`),
  ADD KEY `created_by` (`created_by`);

--
-- Indexes for table `failed_jobs`
--
ALTER TABLE `failed_jobs`
  ADD PRIMARY KEY (`id`),
  ADD UNIQUE KEY `failed_jobs_uuid_unique` (`uuid`);

--
-- Indexes for table `forum_messages`
--
ALTER TABLE `forum_messages`
  ADD PRIMARY KEY (`message_id`),
  ADD KEY `topic_id` (`topic_id`),
  ADD KEY `user_id` (`user_id`);

--
-- Indexes for table `forum_topics`
--
ALTER TABLE `forum_topics`
  ADD PRIMARY KEY (`topic_id`);

--
-- Indexes for table `jobs`
--
ALTER TABLE `jobs`
  ADD PRIMARY KEY (`id`),
  ADD KEY `jobs_queue_index` (`queue`);

--
-- Indexes for table `job_batches`
--
ALTER TABLE `job_batches`
  ADD PRIMARY KEY (`id`);

--
-- Indexes for table `migrations`
--
ALTER TABLE `migrations`
  ADD PRIMARY KEY (`id`);

--
-- Indexes for table `modules`
--
ALTER TABLE `modules`
  ADD PRIMARY KEY (`module_id`),
  ADD KEY `batch_id` (`batch_id`);

--
-- Indexes for table `notifications`
--
ALTER TABLE `notifications`
  ADD PRIMARY KEY (`notification_id`),
  ADD KEY `user_id` (`user_id`);

--
-- Indexes for table `personal_access_tokens`
--
ALTER TABLE `personal_access_tokens`
  ADD PRIMARY KEY (`id`),
  ADD UNIQUE KEY `personal_access_tokens_token_unique` (`token`),
  ADD KEY `personal_access_tokens_tokenable_type_tokenable_id_index` (`tokenable_type`,`tokenable_id`),
  ADD KEY `personal_access_tokens_expires_at_index` (`expires_at`);

--
-- Indexes for table `progress`
--
ALTER TABLE `progress`
  ADD PRIMARY KEY (`id`),
  ADD KEY `progress_user_id_foreign` (`user_id`);

--
-- Indexes for table `report_logs`
--
ALTER TABLE `report_logs`
  ADD PRIMARY KEY (`log_id`),
  ADD KEY `generated_by` (`generated_by`);

--
-- Indexes for table `roles`
--
ALTER TABLE `roles`
  ADD PRIMARY KEY (`role_id`),
  ADD UNIQUE KEY `role_name` (`role_name`);

--
-- Indexes for table `scores`
--
ALTER TABLE `scores`
  ADD PRIMARY KEY (`score_id`),
  ADD KEY `user_id` (`user_id`),
  ADD KEY `module_id` (`module_id`),
  ADD KEY `coordinator_id` (`coordinator_id`);

--
-- Indexes for table `sessions`
--
ALTER TABLE `sessions`
  ADD PRIMARY KEY (`id`),
  ADD KEY `sessions_user_id_index` (`user_id`),
  ADD KEY `sessions_last_activity_index` (`last_activity`);

--
-- Indexes for table `users`
--
ALTER TABLE `users`
  ADD PRIMARY KEY (`user_id`),
  ADD UNIQUE KEY `unique_id` (`unique_id`),
  ADD KEY `role_id` (`role_id`);

--
-- Indexes for table `user_batches`
--
ALTER TABLE `user_batches`
  ADD PRIMARY KEY (`user_batch_id`),
  ADD UNIQUE KEY `user_id` (`user_id`,`batch_id`),
  ADD KEY `batch_id` (`batch_id`);

--
-- AUTO_INCREMENT for dumped tables
--

--
-- AUTO_INCREMENT for table `activity_logs`
--
ALTER TABLE `activity_logs`
  MODIFY `log_id` int(11) NOT NULL AUTO_INCREMENT, AUTO_INCREMENT=412;

--
-- AUTO_INCREMENT for table `attendance_records`
--
ALTER TABLE `attendance_records`
  MODIFY `attendance_id` int(11) NOT NULL AUTO_INCREMENT, AUTO_INCREMENT=26;

--
-- AUTO_INCREMENT for table `backup_logs`
--
ALTER TABLE `backup_logs`
  MODIFY `backup_id` int(11) NOT NULL AUTO_INCREMENT;

--
-- AUTO_INCREMENT for table `batches`
--
ALTER TABLE `batches`
  MODIFY `batch_id` int(11) NOT NULL AUTO_INCREMENT;

--
-- AUTO_INCREMENT for table `broadcast_messages`
--
ALTER TABLE `broadcast_messages`
  MODIFY `broadcast_id` int(11) NOT NULL AUTO_INCREMENT;

--
-- AUTO_INCREMENT for table `documents`
--
ALTER TABLE `documents`
  MODIFY `document_id` int(11) NOT NULL AUTO_INCREMENT;

--
-- AUTO_INCREMENT for table `events`
--
ALTER TABLE `events`
  MODIFY `event_id` int(11) NOT NULL AUTO_INCREMENT;

--
-- AUTO_INCREMENT for table `failed_jobs`
--
ALTER TABLE `failed_jobs`
  MODIFY `id` bigint(20) UNSIGNED NOT NULL AUTO_INCREMENT;

--
-- AUTO_INCREMENT for table `forum_messages`
--
ALTER TABLE `forum_messages`
  MODIFY `message_id` int(11) NOT NULL AUTO_INCREMENT;

--
-- AUTO_INCREMENT for table `forum_topics`
--
ALTER TABLE `forum_topics`
  MODIFY `topic_id` int(11) NOT NULL AUTO_INCREMENT;

--
-- AUTO_INCREMENT for table `jobs`
--
ALTER TABLE `jobs`
  MODIFY `id` bigint(20) UNSIGNED NOT NULL AUTO_INCREMENT;

--
-- AUTO_INCREMENT for table `migrations`
--
ALTER TABLE `migrations`
  MODIFY `id` int(10) UNSIGNED NOT NULL AUTO_INCREMENT, AUTO_INCREMENT=18;

--
-- AUTO_INCREMENT for table `modules`
--
ALTER TABLE `modules`
  MODIFY `module_id` int(11) NOT NULL AUTO_INCREMENT;

--
-- AUTO_INCREMENT for table `notifications`
--
ALTER TABLE `notifications`
  MODIFY `notification_id` int(11) NOT NULL AUTO_INCREMENT;

--
-- AUTO_INCREMENT for table `personal_access_tokens`
--
ALTER TABLE `personal_access_tokens`
  MODIFY `id` bigint(20) UNSIGNED NOT NULL AUTO_INCREMENT, AUTO_INCREMENT=256;

--
-- AUTO_INCREMENT for table `progress`
--
ALTER TABLE `progress`
  MODIFY `id` bigint(20) UNSIGNED NOT NULL AUTO_INCREMENT, AUTO_INCREMENT=5;

--
-- AUTO_INCREMENT for table `report_logs`
--
ALTER TABLE `report_logs`
  MODIFY `log_id` int(11) NOT NULL AUTO_INCREMENT;

--
-- AUTO_INCREMENT for table `roles`
--
ALTER TABLE `roles`
  MODIFY `role_id` int(11) NOT NULL AUTO_INCREMENT, AUTO_INCREMENT=4;

--
-- AUTO_INCREMENT for table `scores`
--
ALTER TABLE `scores`
  MODIFY `score_id` int(11) NOT NULL AUTO_INCREMENT;

--
-- AUTO_INCREMENT for table `users`
--
ALTER TABLE `users`
  MODIFY `user_id` int(11) NOT NULL AUTO_INCREMENT, AUTO_INCREMENT=10;

--
-- AUTO_INCREMENT for table `user_batches`
--
ALTER TABLE `user_batches`
  MODIFY `user_batch_id` int(11) NOT NULL AUTO_INCREMENT;

--
-- Constraints for dumped tables
--

--
-- Constraints for table `activity_logs`
--
ALTER TABLE `activity_logs`
  ADD CONSTRAINT `activity_logs_ibfk_1` FOREIGN KEY (`user_id`) REFERENCES `users` (`user_id`) ON DELETE SET NULL;

--
-- Constraints for table `attendance_records`
--
ALTER TABLE `attendance_records`
  ADD CONSTRAINT `attendance_records_ibfk_1` FOREIGN KEY (`user_id`) REFERENCES `users` (`user_id`) ON DELETE CASCADE,
  ADD CONSTRAINT `fk_attendance_users` FOREIGN KEY (`user_id`) REFERENCES `users` (`user_id`);

--
-- Constraints for table `broadcast_messages`
--
ALTER TABLE `broadcast_messages`
  ADD CONSTRAINT `broadcast_messages_ibfk_1` FOREIGN KEY (`sender_id`) REFERENCES `users` (`user_id`);

--
-- Constraints for table `documents`
--
ALTER TABLE `documents`
  ADD CONSTRAINT `documents_ibfk_1` FOREIGN KEY (`user_id`) REFERENCES `users` (`user_id`) ON DELETE CASCADE;

--
-- Constraints for table `events`
--
ALTER TABLE `events`
  ADD CONSTRAINT `events_ibfk_1` FOREIGN KEY (`batch_id`) REFERENCES `batches` (`batch_id`) ON DELETE CASCADE,
  ADD CONSTRAINT `events_ibfk_2` FOREIGN KEY (`created_by`) REFERENCES `users` (`user_id`);

--
-- Constraints for table `forum_messages`
--
ALTER TABLE `forum_messages`
  ADD CONSTRAINT `forum_messages_ibfk_1` FOREIGN KEY (`topic_id`) REFERENCES `forum_topics` (`topic_id`) ON DELETE CASCADE,
  ADD CONSTRAINT `forum_messages_ibfk_2` FOREIGN KEY (`user_id`) REFERENCES `users` (`user_id`) ON DELETE CASCADE;

--
-- Constraints for table `modules`
--
ALTER TABLE `modules`
  ADD CONSTRAINT `modules_ibfk_1` FOREIGN KEY (`batch_id`) REFERENCES `batches` (`batch_id`) ON DELETE CASCADE;

--
-- Constraints for table `notifications`
--
ALTER TABLE `notifications`
  ADD CONSTRAINT `notifications_ibfk_1` FOREIGN KEY (`user_id`) REFERENCES `users` (`user_id`) ON DELETE CASCADE;

--
-- Constraints for table `progress`
--
ALTER TABLE `progress`
  ADD CONSTRAINT `progress_user_id_foreign` FOREIGN KEY (`user_id`) REFERENCES `users` (`user_id`) ON DELETE CASCADE;

--
-- Constraints for table `report_logs`
--
ALTER TABLE `report_logs`
  ADD CONSTRAINT `report_logs_ibfk_1` FOREIGN KEY (`generated_by`) REFERENCES `users` (`user_id`);

--
-- Constraints for table `scores`
--
ALTER TABLE `scores`
  ADD CONSTRAINT `scores_ibfk_1` FOREIGN KEY (`user_id`) REFERENCES `users` (`user_id`) ON DELETE CASCADE,
  ADD CONSTRAINT `scores_ibfk_2` FOREIGN KEY (`module_id`) REFERENCES `modules` (`module_id`) ON DELETE CASCADE,
  ADD CONSTRAINT `scores_ibfk_3` FOREIGN KEY (`coordinator_id`) REFERENCES `users` (`user_id`);

--
-- Constraints for table `users`
--
ALTER TABLE `users`
  ADD CONSTRAINT `users_ibfk_1` FOREIGN KEY (`role_id`) REFERENCES `roles` (`role_id`);

--
-- Constraints for table `user_batches`
--
ALTER TABLE `user_batches`
  ADD CONSTRAINT `user_batches_ibfk_1` FOREIGN KEY (`user_id`) REFERENCES `users` (`user_id`) ON DELETE CASCADE,
  ADD CONSTRAINT `user_batches_ibfk_2` FOREIGN KEY (`batch_id`) REFERENCES `batches` (`batch_id`) ON DELETE CASCADE;
COMMIT;

/*!40101 SET CHARACTER_SET_CLIENT=@OLD_CHARACTER_SET_CLIENT */;
/*!40101 SET CHARACTER_SET_RESULTS=@OLD_CHARACTER_SET_RESULTS */;
/*!40101 SET COLLATION_CONNECTION=@OLD_COLLATION_CONNECTION */;
